iso3,country,year,gdp_const,labor_force,gcf_const,inflation_cpi,fdi_gdp,gov_consumption_const,broad_money_gdp,education_years_adults,kof_overall,kof_overall_de_facto,kof_overall_de_jure,kof_economic,kof_economic_de_facto,kof_economic_de_jure,kof_trade,kof_trade_de_facto,kof_trade_de_jure,kof_financial,kof_financial_de_facto,kof_financial_de_jure,kof_social,kof_social_de_facto,kof_social_de_jure,kof_interpersonal,kof_interpersonal_de_facto,kof_interpersonal_de_jure,kof_informational,kof_informational_de_facto,kof_informational_de_jure,kof_cultural,kof_cultural_de_facto,kof_cultural_de_jure,kof_political,kof_political_de_facto,kof_political_de_jure,gdp_per_worker,gcf_per_worker,ln_gdp_per_worker,ln_gcf_per_worker,d_ln_gdp_per_worker,gdp_per_worker_growth_pct,crisis_financial_2008_2009,crisis_debt_2010_2012,crisis_covid_2020_2021,crisis_energy_war_2022_2023
BGR,Bulgaria,1995,33809161451.13693,3427355.0,299660526.4986121,62.0548336837992,0.4760028126241987,9064349080.195261,46.12680169039655,8.26,58.84654998779297,58.283939361572266,59.40913772583008,50.29939651489258,49.771827697753906,50.826961517333984,54.3070182800293,57.93046951293945,50.68356704711914,46.291770935058594,41.61317825317383,50.970367431640625,50.38258361816406,47.12712860107422,53.63803482055664,45.85130310058594,41.84801483154297,49.854591369628906,45.710201263427734,52.029632568359375,39.390769958496094,59.586238861083984,47.50373458862305,71.66873931884766,75.85765075683594,77.952880859375,73.76244354248047,9864.505267512974,87.4320070429273,9.1966982669217,4.470861428927568,0.030141256080499446,3.0141256080499446,0,0,0,0
BGR,Bulgaria,1996,35569061221.19983,3413411.0,246347233.2241679,121.60754244925,0.8865417790090159,6914984522.950921,60.23526625422527,8.556666,62.68941879272461,62.661380767822266,62.71743392944336,58.26625061035156,60.90944290161133,55.623043060302734,60.08427047729492,72.72489929199219,47.44363784790039,56.44822311401367,49.093994140625,63.80245590209961,50.92076873779297,47.483482360839844,54.35805892944336,48.51362609863281,42.50653076171875,54.52071762084961,48.33539581298828,52.68744659423828,43.983341217041016,55.9133186340332,47.25648880004883,64.57014465332031,78.8812026977539,79.59119415283203,78.17120361328125,10420.386300155425,72.17039882515405,9.251519387571749,4.279029973259214,0.05482112065004863,5.482112065004863,0,0,0,0
BGR,Bulgaria,1997,30548352778.31543,3450756.0,2432863730.32076,1058.37355921973,4.46089004740716,4859805216.930469,31.24949264034927,8.853333,64.33631134033203,64.63207244873047,64.0405502319336,61.61592102050781,66.24169158935547,56.99016189575195,62.87359619140625,76.1648941040039,49.58229064941406,60.35825729370117,56.3184928894043,64.39802551269531,51.43857955932617,47.55304718017578,55.3241081237793,48.928810119628906,42.31852340698242,55.539093017578125,50.44186782836914,54.045555114746094,46.83818435668945,54.945037841796875,46.295047760009766,63.59503173828125,79.95442962646484,80.10145568847656,79.80738830566406,8852.655122041497,705.0234007622561,9.088472706796837,6.558230994831984,-0.16304668077491158,-16.304668077491158,0,0,0,0
BGR,Bulgaria,1998,31705866815.77304,3432014.0,4443529969.153524,18.672204442064,3.574714179938819,6995369802.459302,25.11981653238745,9.15,64.57398986816406,63.389984130859375,65.75798797607422,60.31132507324219,61.42899703979492,59.19366455078125,61.682071685791016,70.08306884765625,53.28107452392578,58.94058609008789,52.774925231933594,65.10624694824219,52.24435043334961,48.195045471191406,56.293643951416016,49.88996887207031,43.76877975463867,56.011165618896484,51.70976257324219,53.839900970458984,49.57963180541992,55.13329315185547,46.976444244384766,63.290130615234375,81.16629791259766,80.54593658447266,81.78665161132812,9238.268496507602,1294.7295579661168,9.13110975492277,7.166057116777059,0.04263704812593261,4.263704812593261,0,0,0,0
BGR,Bulgaria,1999,29043813399.51029,3458070.0,4919418985.259413,2.57304281890212,6.004122871983883,6552187431.810723,30.09080484812164,9.446667,66.64869689941406,64.38518524169922,68.9122085571289,62.156856536865234,61.46698760986328,62.846717834472656,64.65994262695312,69.10469818115234,60.21518325805664,59.65376281738281,53.82927322387695,65.47826385498047,54.67853927612305,51.07532501220703,58.281761169433594,50.94747543334961,44.696651458740234,57.198299407958984,57.59226608276367,60.8289909362793,54.35554122924805,55.49589157104492,47.70034408569336,63.291439056396484,83.1106948852539,80.61323547363281,85.608154296875,8398.850630412424,1422.5909207330715,9.035850145756559,7.260235080114752,-0.09525960916621123,-9.525960916621123,0,0,0,0
BGR,Bulgaria,2000,30376118589.10443,3441466.0,5181711683.588192,10.3162621289989,7.560807619879162,6697432491.696024,35.04589530693109,9.743333,68.53022766113281,67.37603759765625,69.68439483642578,65.84105682373047,67.67060089111328,64.01151275634766,69.04226684570312,75.59661102294922,62.48794937133789,62.639835357666016,59.74458694458008,65.53507995605469,56.108768463134766,52.66881561279297,59.548709869384766,49.75264358520508,45.91688537597656,53.588401794433594,62.6598014831543,64.17882537841797,61.14078140258789,55.913841247558594,47.910736083984375,63.91694641113281,83.64083862304688,81.78872680664062,85.49295043945312,8826.505503498925,1505.6698754508084,9.085514462549103,7.316993178122684,0.04966431679254413,4.966431679254413,0,0,0,0
BGR,Bulgaria,2001,31537611343.13572,3494894.0,6080016722.702189,7.3609392723184,5.731626859211392,6763741964.757916,40.06623965426702,10.04,68.75501251220703,68.88668060302734,68.62334442138672,63.678035736083984,69.15853118896484,58.19755172729492,68.94059753417969,74.80963134765625,63.07155990600586,58.41547775268555,63.50741195678711,53.32353973388672,58.273921966552734,55.46271896362305,61.085121154785156,51.94049835205078,48.2974739074707,55.583518981933594,64.86971282958984,66.67696380615234,63.062461853027344,58.01155471801758,51.4137077331543,64.60940551757812,84.31310272216797,82.03882598876953,86.5873794555664,9023.910694612117,1739.6855878038616,9.107633077258475,7.461459679216518,0.022118614709372153,2.2118614709372153,0,0,0,0
BGR,Bulgaria,2002,33389478145.95038,3404016.0,6524390723.353751,5.81014365721825,5.515194614913589,6797745270.170568,40.94023988050971,10.116,67.65766143798828,68.05345916748047,67.26187133789062,58.13864517211914,67.08482360839844,49.192466735839844,67.39134979248047,71.48695373535156,63.295753479003906,48.88594055175781,62.68269348144531,35.08919143676758,60.77385711669922,56.14879608154297,65.39893341064453,52.92927551269531,48.98310470581055,56.87544250488281,66.67747497558594,66.15984344482422,67.19510650634766,62.7148323059082,53.303428649902344,72.1262435913086,84.06048583984375,80.92675018310547,87.19422912597656,9808.848767441275,1916.6745172037238,9.191040192710858,7.558346941047276,0.083407115452383,8.3407115452383,0,0,0,0
BGR,Bulgaria,2003,35138136419.31224,3340007.0,7601443590.388076,2.34864169582757,9.916258528398075,7345804565.220251,45.76096601140824,10.192,70.21398162841797,69.36885070800781,71.05912017822266,63.55382537841797,68.50594329833984,58.601707458496094,68.66785430908203,73.25384521484375,64.08184814453125,58.4398078918457,63.75804138183594,53.1215705871582,62.06478500366211,57.83994674682617,66.28961944580078,54.299686431884766,50.46669387817383,58.1326789855957,67.61530303955078,67.29041290283203,67.940185546875,64.27936553955078,55.76274108886719,72.7959976196289,85.02336120605469,81.76066589355469,88.2860336303711,10520.378076846018,2275.8765446863063,9.261069424509605,7.730120551545843,0.0700292317987472,7.0029231798747205,0,0,0,0
BGR,Bulgaria,2004,37425778712.93168,3379275.0,8420255858.569951,6.14713074246266,11.74623865096885,7696631755.331031,50.46200365973916,10.268,70.80964660644531,69.42169952392578,72.1976089477539,66.39900207519531,72.27325439453125,60.52476501464844,72.89202117919922,77.2385025024414,68.5455322265625,59.90599060058594,67.3079833984375,52.503997802734375,61.85090255737305,55.12043762207031,68.58135986328125,56.94163131713867,51.83305358886719,62.050201416015625,64.4615478515625,59.01585006713867,69.9072494506836,64.14954376220703,54.5124397277832,73.7866439819336,84.17904663085938,80.87140655517578,87.48670959472656,11075.091169831303,2491.7344278195624,9.312453826918397,7.820734304332527,0.051384402408791274,5.138440240879127,0,0,0,0
BGR,Bulgaria,2005,40066672175.59027,3314525.0,10456358722.33124,5.0388380711191,13.72047900599112,7754222180.966251,53.72422966554395,10.344,71.20092010498047,70.07264709472656,72.32917022705078,65.18636322021484,71.05127716064453,59.32145690917969,70.53898620605469,76.49136352539062,64.58660888671875,59.8337516784668,65.61119842529297,54.056304931640625,64.54803466796875,59.267181396484375,69.82887268066406,57.94084548950195,52.19628143310547,63.68540573120117,62.51216506958008,54.71476745605469,70.30956268310547,73.1910629272461,70.8904800415039,75.49165344238281,83.86831665039062,79.89945983886719,87.83717346191406,12088.209374070273,3154.708056910489,9.399985824622416,8.056651237226472,0.0875319977040192,8.75319977040192,0,0,0,0
BGR,Bulgaria,2006,42792243384.37644,3421452.0,12625888158.19533,7.26159462769946,22.90387835112305,8190574391.299442,59.80663192636323,10.42,74.03113555908203,72.8887939453125,75.17347717285156,71.01001739501953,75.93860626220703,66.08143615722656,72.85660552978516,79.33053588867188,66.38268280029297,69.1634292602539,72.54667663574219,65.78018188476562,66.01570892333984,61.501705169677734,70.52972412109375,59.060611724853516,52.82931137084961,65.29191589355469,65.56646728515625,58.8271484375,72.3057861328125,73.42005157470703,72.8486328125,73.99147033691406,85.06768798828125,81.2260971069336,88.90926361083984,12507.041859531111,3690.2134410172434,9.434047113431538,8.21343957845583,0.03406128880912185,3.406128880912185,0,0,0,0
BGR,Bulgaria,2007,45639805260.65182,3500732.0,14368359031.06767,8.40253419005893,31.22862451690242,8107153066.002072,66.29251030420153,10.54,77.00430297851562,74.2977066040039,79.71088409423828,77.07530212402344,78.16796875,75.9826431274414,81.9124755859375,80.50749969482422,83.31743621826172,72.23814392089844,75.82843780517578,68.6478500366211,68.11166381835938,63.42823028564453,72.79509735107422,62.3344612121582,55.68625259399414,68.98267364501953,66.7411117553711,59.211734771728516,74.27049255371094,75.25941467285156,75.38670349121094,75.13212585449219,85.82588195800781,81.296875,90.35488891601562,13037.217719223241,4104.38703421675,9.475563447624832,8.319811688987048,0.041516334193294924,4.151633419329492,0,0,0,0
BGR,Bulgaria,2008,48437323784.95722,3562863.0,16756559947.60467,12.348719599402,18.89976381006649,8260903492.417794,62.8989652003611,10.59,77.52423095703125,74.2449951171875,80.80348205566406,75.44701385498047,76.12646484375,74.76758575439453,81.18618774414062,80.72229766845703,81.65008544921875,69.70785522460938,71.5306167602539,67.88507080078125,69.9931411743164,64.14285278320312,75.84342193603516,65.45281219482422,57.61915588378906,73.28646087646484,67.85368347167969,60.14789581298828,75.55947875976562,76.67292785644531,74.6614990234375,78.68433380126953,87.13257598876953,82.46571350097656,91.79943084716797,13595.056499494149,4703.116551942825,9.517461512960411,8.455980664105079,0.041898065335578494,4.189806533557849,1,0,0,0
BGR,Bulgaria,2009,46816058020.33208,3489069.0,12706332612.66215,2.75320223914819,7.490157326134797,7776471433.394787,65.22376943396802,10.64,76.03758239746094,71.27700805664062,80.79816436767578,72.6709976196289,71.23676300048828,74.10521697998047,76.65143585205078,71.82354736328125,81.47932434082031,68.69053649902344,70.64996337890625,66.73111724853516,70.80445861816406,64.33889770507812,77.27002716064453,65.9749984741211,57.99150466918945,73.95848083496094,69.4059829711914,61.94514846801758,76.8668212890625,77.03240966796875,73.08004760742188,80.98477172851562,84.63729858398438,78.25537872314453,91.01921844482422,13417.922666571534,3641.754465922614,9.50434660469674,8.200220840640549,-0.013114908263670344,-1.3114908263670344,1,0,0,0
BGR,Bulgaria,2010,47544216166.30841,3424396.0,10434013970.92405,2.43899060504117,3.635696367832544,7941819357.947311,67.7561581324032,10.72,75.84419250488281,71.32515716552734,80.36321258544922,72.67109680175781,70.30179595947266,75.04039764404297,78.45792388916016,73.26435089111328,83.6515121459961,66.88426208496094,67.33924102783203,66.42928314208984,71.1067886352539,64.9842300415039,77.22933197021484,67.59800720214844,60.38904571533203,74.80696105957031,68.97459411621094,61.23761749267578,76.71156311035156,76.74776458740234,73.3260498046875,80.16947937011719,83.75467681884766,78.68943786621094,88.8199234008789,13883.971411690824,3046.9647701153867,9.5384903178965,8.021901216764416,0.03414371319975906,3.4143713199759063,0,1,0,0
BGR,Bulgaria,2011,48537973523.45023,3339707.0,10092426039.09951,4.21990346601872,3.64730034700454,8127398442.390773,70.1645074084222,10.78,76.01216125488281,71.91169738769531,80.11261749267578,72.34691619873047,70.4765625,74.2172622680664,78.57465362548828,74.52247619628906,82.62682342529297,66.11917114257812,66.43063354492188,65.80770111083984,71.90074920654297,66.50424194335938,77.29725646972656,68.70082092285156,61.577369689941406,75.82426452636719,69.63583374023438,63.01411819458008,76.25756072998047,77.36559295654297,74.9212417602539,79.80995178222656,83.78880310058594,78.75428009033203,88.82332611083984,14533.602355970219,3021.9495420105745,9.584218651229591,8.013657445807313,0.04572833333309134,4.572833333309134,0,1,0,0
BGR,Bulgaria,2012,48901433349.83176,3358087.0,10403816853.04476,2.95456829831012,3.293199048682119,7978061371.67077,74.68488372638942,10.9,76.5558853149414,72.43529510498047,80.6764907836914,72.94912719726562,72.02779388427734,73.87047576904297,79.53564453125,77.26625061035156,81.80504608154297,66.36261749267578,66.78933715820312,65.93589782714844,71.80902099609375,66.08594512939453,77.5320816040039,69.62430572509766,62.073951721191406,77.17465209960938,69.87261199951172,62.902610778808594,76.84260559082031,75.93013763427734,73.28128814697266,78.5789794921875,84.90953063964844,79.192138671875,90.6269302368164,14562.288990675868,3098.1379735083574,9.586190520292407,8.03855655630155,0.0019718690628156565,0.19718690628156565,0,1,0,0
BGR,Bulgaria,2013,48636020141.15254,3333973.0,9849947991.380548,0.890093540913096,3.563357728808442,8030145201.600911,81.74372268981438,11.01,77.34637451171875,73.63964080810547,81.05309295654297,74.6744613647461,74.73604583740234,74.61286163330078,80.28326416015625,78.21568298339844,82.35084533691406,69.06564331054688,71.25640869140625,66.87488555908203,72.23506164550781,66.9126968383789,77.55743408203125,70.31315612792969,63.90056228637695,76.72575378417969,70.76598358154297,64.52946472167969,77.00250244140625,75.62606048583984,72.30809783935547,78.94403076171875,85.12957000732422,79.27014923095703,90.98897552490234,14588.006603878479,2954.417444706525,9.587955004620989,7.99105676817382,0.0017644843285822276,0.17644843285822276,0,0,0,0
BGR,Bulgaria,2014,49097794392.25595,3290417.0,10526724472.20254,-1.41818380264839,1.915877390237983,8023278069.722744,80.81769281646811,11.05,77.70714569091797,73.45744323730469,81.95684051513672,76.27094268798828,74.4846420288086,78.05723571777344,83.34949493408203,80.54505920410156,86.1539306640625,69.19239044189453,68.42424011230469,69.96054077148438,72.23444366455078,66.91372680664062,77.55514526367188,69.57388305664062,64.12126159667969,75.0265121459961,71.84213256835938,66.09400939941406,77.59025573730469,75.28730010986328,70.52592468261719,80.04866790771484,84.61603546142578,78.97393798828125,90.25814056396484,14921.450500728617,3199.2068094112506,9.61055508757983,8.070658186003477,0.022600082958840417,2.2600082958840417,0,0,0,0
BGR,Bulgaria,2015,50765918159.14758,3259536.0,10660807073.22603,-0.104633261008479,4.375750662159008,8167800385.400136,82.57919554800681,11.19,77.7805404663086,73.70992279052734,81.85113525390625,76.17503356933594,75.01222229003906,77.33782958984375,82.97975158691406,79.22852325439453,86.73098754882812,69.37029266357422,70.7959213256836,67.94466400146484,71.85554504394531,66.47374725341797,77.23733520507812,69.93428039550781,65.05047607421875,74.8180923461914,71.53654479980469,65.32623291015625,77.74686431884766,74.09579467773438,69.04454040527344,79.14705657958984,85.3110122680664,79.643798828125,90.97824096679688,15574.58428412743,3270.651734856136,9.653395652071664,8.092744551327693,0.0428405644918346,4.28405644918346,0,0,0,0
BGR,Bulgaria,2016,52302413861.91486,3159813.0,10179114713.22268,-0.798649886453617,2.759960395844594,8346667982.610144,83.47602338803483,11.23,78.16407775878906,74.26988220214844,82.05830383300781,76.67100524902344,75.53679656982422,77.80521392822266,83.00787353515625,79.07215881347656,86.94358825683594,70.33413696289062,72.0014419555664,68.66683959960938,72.30911254882812,67.22618103027344,77.39203643798828,70.36954498291016,66.44342803955078,74.295654296875,72.54606628417969,66.71739196777344,78.37474060058594,74.01173400878906,68.5177230834961,79.5057373046875,85.51215362548828,80.04666900634766,90.9776382446289,16552.376315280322,3221.429468523194,9.714284954502865,8.07758047435274,0.060889302431201386,6.088930243120139,0,0,0,0
BGR,Bulgaria,2017,53738599840.56207,3235284.0,10837766446.5216,2.06159619443141,3.392546583524413,8704308776.017574,83.48730320579848,11.24,78.41710662841797,74.59249877929688,82.24172973632812,77.0888900756836,76.41280364990234,77.76497650146484,83.48001098632812,79.8250732421875,87.13496398925781,70.69775390625,73.0005111694336,68.39498901367188,72.51387023925781,67.04450225830078,77.9832534790039,70.56661987304688,67.90525817871094,73.22798919677734,74.28750610351562,69.17877197265625,79.39622497558594,72.6875,64.0494613647461,81.32555389404297,85.64856719970703,80.3201904296875,90.9769515991211,16610.164622506734,3349.865559413517,9.717770113606194,8.116675492495467,0.0034851591033291385,0.34851591033291385,0,0,0,0
BGR,Bulgaria,2018,54990790971.5665,3181267.0,11857443689.20571,2.81454473824838,2.738178441588417,9169710362.408865,85.14209609637466,11.296666,78.15167999267578,74.34955596923828,81.95378875732422,75.34526062011719,73.93123626708984,76.75926971435547,82.81204986572266,78.67082214355469,86.95327758789062,67.87844848632812,69.19163513183594,66.56526184082031,73.33516693115234,68.54215240478516,78.12816619873047,71.27640533447266,69.82777404785156,72.72503662109375,74.77086639404297,69.92332458496094,79.61840057373047,73.95820617675781,65.87535858154297,82.04105377197266,85.77461242675781,80.57526397705078,90.97396087646484,17285.814416572546,3727.2708292657326,9.757641468201067,8.223431563666557,0.039871354594872344,3.9871354594872344,0,0,0,0
BGR,Bulgaria,2019,57076766353.31304,3209606.0,12220211369.70687,3.10372944796771,3.242334779012034,9353673707.207203,85.61429015304762,11.353333,78.07801055908203,73.9086685180664,82.24736022949219,75.1302719116211,74.50281524658203,75.75772094726562,83.52059173583984,79.6236572265625,87.41752624511719,66.73994445800781,69.38197326660156,64.0979232788086,73.47753143310547,67.26744079589844,79.68760681152344,70.90599822998047,69.55428314208984,72.25772094726562,76.02587127685547,66.68421173095703,85.36752319335938,73.50074005126953,65.5638656616211,81.4376220703125,85.62625122070312,79.95574188232422,91.2967758178711,17783.106821620175,3807.3867539214684,9.786004230677213,8.24469834143046,0.028362762476145775,2.8362762476145775,0,0,0,0
BGR,Bulgaria,2020,55288418257.03893,3132138.0,11766138102.35977,1.67244096855756,3.974342597531469,10133294655.22631,93.91801321079367,11.41,77.41707611083984,72.61065673828125,82.22350311279297,74.02206420898438,72.6319580078125,75.41214752197266,80.3316421508789,73.30529022216797,87.35797882080078,67.71247100830078,71.95862579345703,63.46630859375,72.96913146972656,65.97256469726562,79.9656982421875,69.51607513427734,67.22425842285156,71.80787658691406,76.2767105102539,66.6589584350586,85.89445495605469,73.1146011352539,64.0344467163086,82.19475555419922,85.26004791259766,79.22747039794922,91.2926254272461,17651.973909527274,3756.583554862452,9.778602892342077,8.231265194304417,-0.0074013383351356765,-0.7401338335135677,0,0,1,0
BGR,Bulgaria,2021,59616490915.74791,3082471.0,12909358626.44799,3.29774435299506,2.528841221587227,10183569479.15912,90.13907216016531,11.454531,77.70967102050781,73.19918060302734,82.22020721435547,74.1355209350586,73.3261947631836,74.94482421875,81.74317169189453,76.47863006591797,87.00769805908203,66.5278549194336,70.17375946044922,62.88195037841797,73.48229217529297,66.53888702392578,80.42572021484375,69.50309753417969,67.25698852539062,71.74920654296875,76.6371078491211,66.45040130615234,86.82381439208984,74.30670928955078,65.90927124023438,82.70414733886719,85.5112533569336,79.73242950439453,91.29006958007812,19340.487198662344,4187.99029299805,9.869955959934167,8.339976254174477,0.09135306759208994,9.135306759208994,0,0,1,0
BGR,Bulgaria,2022,62051147380.87582,3134677.0,14093090878.9453,15.3252589264367,5.246615646774968,10995705768.0537,84.56773752558273,11.454531,77.75489044189453,73.20502471923828,82.30472564697266,74.93903350830078,75.44609069824219,74.43196868896484,83.93634796142578,80.65660858154297,87.21607971191406,65.94171905517578,70.23558807373047,61.64786148071289,74.14018249511719,67.45320129394531,80.82719421386719,70.01490020751953,68.03721618652344,71.99256896972656,76.94640350341797,66.5669174194336,87.32588195800781,75.45929718017578,67.7554931640625,83.16310119628906,84.1854019165039,76.71576690673828,91.65503692626953,19795.0689595374,4495.8669996766175,9.8931881432188,8.410913809213513,0.023232183284633834,2.3232183284633834,0,0,0,1
BGR,Bulgaria,2023,63094544094.41546,3134615.0,12294885057.30276,9.44284140088564,5.058883447514875,11117404233.40365,83.70920839896844,11.454531,77.58260345458984,72.82887268066406,82.3363037109375,74.23786163330078,74.0967025756836,74.37901306152344,83.28153228759766,79.38084411621094,87.18222045898438,65.1941909790039,68.81257629394531,61.5758056640625,74.3281478881836,67.68067932128906,80.97562408447266,70.16524505615234,68.40583038330078,71.9246597290039,77.39131164550781,66.966064453125,87.81655883789062,75.4278793334961,67.67013549804688,83.18562316894531,84.1817626953125,76.709228515625,91.654296875,20128.32328512926,3922.295100770831,9.909883220834283,8.274432246345619,0.01669507761548239,1.669507761548239,0,0,0,1
CZE,Czechia,1995,118281953160.1256,5169680.0,32299425253.10589,8.99052361478448,4.23883721598216,27883408709.79217,67.53347088905076,10.044666,67.8289566040039,71.0989990234375,64.55886840820312,62.40581512451172,54.16530990600586,70.64632415771484,71.30282592773438,63.3856315612793,79.22002410888672,53.508811950683594,44.944984436035156,62.07263946533203,64.5822982788086,69.65843200683594,59.50614929199219,48.6306266784668,49.456748962402344,47.80449676513672,62.429100036621094,78.65823364257812,46.19995880126953,82.6871566772461,80.86031341552734,84.51398468017578,76.49869537353516,89.4732437133789,63.52415466308594,22879.93708703935,6247.857750016614,10.038015695797618,8.73999392397747,0.05630912913239072,5.630912913239072,0,0,0,0
CZE,Czechia,1996,123212636052.8057,5173419.0,36799158327.42291,8.75877472878111,2.116802693836066,27844951471.11134,62.78494107215429,10.233334,67.94182586669922,69.94339752197266,65.94025421142578,62.35551834106445,54.383602142333984,70.32743072509766,69.41944122314453,62.809410095214844,76.02945709228516,55.291603088378906,45.957794189453125,64.62540435791016,65.25164031982422,70.34384155273438,60.15944290161133,49.870662689208984,50.91419219970703,48.827125549316406,64.46097564697266,78.95719909667969,49.96474838256836,81.42329406738281,81.16012573242188,81.68646240234375,76.21829986572266,85.10272979736328,67.33386993408203,23816.481141930646,7113.121579254051,10.078133104957562,8.869696467129833,0.04011740915994366,4.011740915994366,0,0,0,0
CZE,Czechia,1997,122478487836.0363,5184785.0,33736809975.32117,8.59615666715564,2.057079795207595,28720808984.19635,59.26211509854355,10.422,70.0046157836914,70.72798919677734,69.28124237060547,65.18950653076172,57.31040954589844,73.0686264038086,71.40638732910156,64.09724426269531,78.71552276611328,58.97264862060547,50.52357864379883,67.4217300415039,67.46483612060547,70.46068572998047,64.468994140625,51.87492370605469,52.35834884643555,51.3914909362793,67.66346740722656,79.21404266357422,56.11289596557617,82.85611724853516,79.80965423583984,85.90257263183594,77.35948944091797,84.4128646850586,70.30609893798828,23622.674389784013,6506.886973195836,10.069962308988893,8.78061642931121,-0.008170795968668543,-0.8170795968668543,0,0,0,0
CZE,Czechia,1998,121996963423.8064,5198829.0,32719555129.87354,10.6983655274888,5.507252026203158,27965648661.0092,55.9887342983765,10.610666,70.64463806152344,71.39088439941406,69.89842224121094,67.41940307617188,60.27300262451172,74.5658187866211,71.78681182861328,63.92508316040039,79.64855194091797,63.052005767822266,56.62092590332031,69.48309326171875,67.55010223388672,71.0787124633789,64.02149200439453,52.755306243896484,52.783695220947266,52.72690963745117,66.55955505371094,79.0671615600586,54.05194091796875,83.33545684814453,81.3852767944336,85.2856216430664,76.96444702148438,82.8209457397461,71.10795593261719,23466.238921073647,6293.639419544967,10.06331802551674,8.7472947864289,-0.006644283472153845,-0.6644283472153845,0,0,0,0
CZE,Czechia,1999,123678521512.351,5218700.0,32010769073.82742,2.13544844417329,9.624832321208594,28822399512.17033,54.96448379662812,10.799334,72.1297607421875,72.23675537109375,72.02275085449219,69.3896484375,63.165950775146484,75.61334228515625,72.74440002441406,65.92495727539062,79.5638427734375,66.03490447998047,60.40695571899414,71.66285705566406,66.99517059326172,70.2198257446289,63.77052688598633,53.96526336669922,53.43490982055664,54.49562072753906,66.71442413330078,79.28022766113281,54.148624420166016,80.30583953857422,77.9443588256836,82.66731262207031,80.00442504882812,83.324462890625,76.68440246582031,23699.105430921685,6133.858829560507,10.07319258088011,8.721579329991446,0.009874555363371229,0.9874555363371229,0,0,0,0
CZE,Czechia,2000,128638858401.0923,5175714.0,35422200234.97286,3.77538829151729,8.020953141371928,28637918593.42446,60.24077176313705,10.988,74.27704620361328,74.04959106445312,74.50448608398438,72.7619857788086,66.7441177368164,78.77985382080078,74.32402801513672,69.1680679321289,79.47999572753906,71.19994354248047,64.32017517089844,78.0797119140625,68.25060272216797,71.2256088256836,65.27560424804688,55.291141510009766,53.16630554199219,57.41598129272461,69.8451156616211,85.26622772216797,54.42399978637695,79.61553955078125,75.2442626953125,83.98680877685547,81.81854248046875,84.17909240722656,79.45800018310547,24854.321239754034,6843.925347299496,10.120786909354997,8.8311167271939,0.04759432847488654,4.759432847488654,0,0,0,0
CZE,Czechia,2001,132391536300.2459,5146214.0,37720609498.04278,4.66267556988257,8.27868500809023,29398079170.68956,62.01900466666203,11.176666,75.91848754882812,74.98807525634766,76.8488998413086,74.18275451660156,67.6151351928711,80.75035858154297,73.64598083496094,68.5077133178711,78.78424835205078,74.7195053100586,66.72254180908203,82.71646118164062,68.97320556640625,72.2935562133789,65.6528549194336,56.829345703125,54.17941665649414,59.479278564453125,70.919921875,86.0802001953125,55.759647369384766,79.17036437988281,76.6210708618164,81.71965026855469,84.5995101928711,85.05553436279297,84.14349365234375,25726.00678872777,7329.778648544887,10.155257696524492,8.899700596409023,0.0344707871694947,3.44707871694947,0,0,0,0
CZE,Czechia,2002,134395228572.1922,5141940.0,38163298649.92278,1.90298097019026,10.28547168197528,31825275674.57696,52.83804640176656,11.365334,76.13951110839844,74.64557647705078,77.6334457397461,73.4415283203125,65.6500244140625,81.2330551147461,74.12508392333984,65.43643188476562,82.8137435913086,72.75800323486328,65.8636245727539,79.65237426757812,70.04435729980469,73.5799560546875,66.5087661743164,58.753238677978516,55.94361877441406,61.5628547668457,72.40336608886719,86.94071960449219,57.86602020263672,78.97647857666016,77.85553741455078,80.09741973876953,84.93263244628906,84.70672607421875,85.15853118896484,26137.06666592613,7421.964987907829,10.171109764581804,8.912199124270131,0.01585206805731154,1.5852068057311541,0,0,0,0
CZE,Czechia,2003,138831395778.1776,5134951.0,38287704262.83942,0.118739205526814,2.012502749284451,33772813659.23065,53.74843330696736,11.554,76.38963317871094,74.51300811767578,78.2662582397461,73.20604705810547,65.42012786865234,80.99198150634766,73.29035949707031,64.25701141357422,82.32369995117188,73.12175750732422,66.583251953125,79.6602554321289,70.56621551513672,73.94651794433594,67.1859130859375,60.08819580078125,57.291324615478516,62.88507080078125,72.83061981201172,86.14278411865234,59.51845169067383,78.77982330322266,78.40542602539062,79.15422058105469,85.39664459228516,84.17237091064453,86.62090301513672,27036.55707292584,7456.29398661047,10.204945194865411,8.91681378512277,0.03383543028360769,3.3835430283607693,0,0,0,0
CZE,Czechia,2004,145406922288.0887,5133307.0,41015435574.84128,2.76010781671153,5.346298313687606,33176279282.48386,52.94631380439715,11.742666,78.12439727783203,74.89154815673828,81.35726928710938,77.25199890136719,66.78311157226562,87.72089385986328,77.90579223632812,64.92842864990234,90.8831558227539,76.59820556640625,68.63777160644531,84.55863189697266,71.72505187988281,73.70877838134766,69.7413330078125,61.7149543762207,58.74182891845703,64.68807220458984,69.2315673828125,78.85125732421875,59.61187744140625,84.22866821289062,83.53328704833984,84.92403411865234,85.39615631103516,84.18275451660156,86.60956573486328,28326.169131923867,7990.060905151646,10.251541360663946,8.985953661403563,0.04659616579853498,4.659616579853498,0,0,0,0
CZE,Czechia,2005,154676655549.6541,5175001.0,42581657196.15598,1.85709789109228,10.00272913421142,33540525433.2029,55.18190247021965,11.931334,78.17488098144531,73.9390869140625,82.41064453125,76.81755065917969,65.74588775634766,87.88921356201172,76.01612854003906,63.374237060546875,88.65802001953125,77.61896514892578,68.11753845214844,87.12039947509766,71.97235107421875,71.9028091430664,72.0418930053711,66.1097183227539,60.816898345947266,71.40253448486328,66.43380737304688,73.12777709960938,59.73982620239258,83.37350463867188,81.76370239257812,84.98330688476562,85.7347183227539,84.1686019897461,87.30083465576172,29889.203026174124,8228.337964795752,10.30525259136192,9.015339324892317,0.053711230697974344,5.371123069797434,0,0,0,0
CZE,Czechia,2006,164921158024.5988,5192187.0,46545497619.95514,2.53399258343633,4.564883005620031,33774277148.22907,58.05991753563202,12.12,79.08251190185547,75.31792449951172,82.84709167480469,77.37739562988281,69.2232437133789,85.53155517578125,76.07184600830078,66.2848129272461,85.85888671875,78.68294525146484,72.16168212890625,85.20421600341797,73.36102294921875,72.44731903076172,74.27473449707031,67.30731964111328,61.40605545043945,73.2085952758789,67.01695251464844,72.15336608886719,61.88054656982422,85.7587890625,83.78253173828125,87.73505401611328,86.50910186767578,84.283203125,88.73499298095703,31763.331718329635,8964.52643557621,10.366067812829217,9.101030560949223,0.0608152214672959,6.08152214672959,0,0,0,0
CZE,Czechia,2007,173973393346.0067,5188860.0,53138958482.33733,2.8531243721117,7.269840532816395,33992133746.63346,61.71226218544744,12.14,80.24436950683594,76.96517181396484,83.5235595703125,78.5149917602539,71.14391326904297,85.88607788085938,76.86441802978516,66.64729309082031,87.08154296875,80.16556549072266,75.64051818847656,84.69060516357422,74.18785858154297,73.47633361816406,74.89937591552734,68.16926574707031,62.68372344970703,73.6548080444336,67.51254272460938,72.58154296875,62.44353485107422,86.88175964355469,85.16370391845703,88.59980773925781,88.03023529052734,86.2752456665039,89.78521728515625,33528.249624388925,10240.969785721205,10.420143634828591,9.23415159974604,0.05407582199937444,5.407582199937444,0,0,0,0
CZE,Czechia,2008,178518044754.2488,5203709.0,53428713327.61153,6.3586638015237,3.727340174806485,34433944814.26901,66.9553968680125,12.19,78.75617980957031,74.41049194335938,83.10189819335938,76.42150115966797,68.39784240722656,84.44517517089844,76.27265930175781,66.598388671875,85.94693756103516,76.57035827636719,70.1972885131836,82.94341278076172,72.14906311035156,68.88262939453125,75.41548919677734,70.18570709228516,66.8360366821289,73.5353775024414,68.81433868408203,73.73899841308594,63.88969802856445,77.4471206665039,66.07283782958984,88.82138061523438,87.69802856445312,85.95104217529297,89.44501495361328,34305.92386204701,10267.429121730582,10.443073325590143,9.236731942639668,0.02292969076155238,2.292969076155238,1,0,0,0
CZE,Czechia,2009,169952170270.6189,5244400.0,43819377684.74702,1.01937735329229,2.547019253486543,35431556481.52853,68.66380856189512,12.29,78.34004974365234,73.63438415527344,83.04573822021484,76.39241027832031,69.14850616455078,83.63632202148438,75.84236907958984,65.26284790039062,86.42188262939453,76.94245910644531,73.03417205810547,80.85075378417969,71.41331481933594,67.42506408691406,75.40158081054688,68.74114227294922,66.07391357421875,71.40836334228516,68.29318237304688,72.05671691894531,64.5296401977539,77.2056655883789,64.14459991455078,90.26673126220703,87.21443176269531,84.32958221435547,90.09928131103516,32406.408792353537,8355.460621757878,10.386111484453272,9.030670570779465,-0.05696184113687153,-5.696184113687153,1,0,0,0
CZE,Czechia,2010,174565802522.0793,5230927.0,45875860695.5569,1.47272727272728,4.815029855274187,35704822399.51217,68.43547852788726,12.39,78.56330871582031,74.57699584960938,82.54959869384766,76.1593246459961,70.77144622802734,81.54720306396484,76.0602035522461,68.11129760742188,84.00910949707031,76.25845336914062,73.43159484863281,79.08531188964844,72.96575927734375,69.18911743164062,76.74240112304688,70.68409729003906,67.13880920410156,74.22938537597656,69.44149780273438,73.68077087402344,65.20222473144531,78.77167510986328,66.7477798461914,90.79557800292969,86.56480407714844,83.77041625976562,89.35918426513672,33371.86745715995,8770.120610659813,10.415468532336023,9.079105837912461,0.029357047882751175,2.9357047882751175,0,1,0,0
CZE,Czechia,2011,177659773382.5381,5223171.0,46698212193.36179,1.9172191363555,1.809941553016992,34451547334.72229,69.24899062474438,12.47,78.80998229980469,74.83871459960938,82.78123474121094,76.13265228271484,69.72638702392578,82.5389175415039,75.88812255859375,69.04739379882812,82.72884368896484,76.37718200683594,70.4053726196289,82.34898376464844,73.6983642578125,70.23545837402344,77.1612777709961,71.7080078125,68.24418640136719,75.17182159423828,70.46756744384766,75.08918762207031,65.84595489501953,78.91951751708984,67.37300109863281,90.46604919433594,86.59889221191406,84.55427551269531,88.64350128173828,34013.776953222114,8940.586512170823,10.434520926031656,9.098356471403855,0.01905239369563283,1.905239369563283,0,1,0,0
CZE,Czechia,2012,176290606021.5464,5253910.0,44503993088.88706,3.28762306610411,4.484243807598689,33785903755.27212,72.16042886703676,12.52,79.80591583251953,76.30178833007812,83.31005096435547,77.61807250976562,73.0618896484375,82.17425537109375,76.39884185791016,70.79427337646484,82.00342559814453,78.83729553222656,75.32951354980469,82.3450698852539,74.81727600097656,71.19535827636719,78.43920135498047,72.07186126708984,68.26642608642578,75.87728881835938,72.11504364013672,77.76862335205078,66.4614486694336,80.26493835449219,67.5510025024414,92.9788589477539,86.98241424560547,84.64813232421875,89.31669616699219,33554.17318179154,8470.642452742255,10.42091652160306,9.044361635152399,-0.01360440442859634,-1.360440442859634,0,1,0,0
CZE,Czechia,2013,176216894659.9089,5300303.0,42658014482.85931,1.4382978723404,3.453867263762924,34602002134.25479,75.42594634554814,12.6,79.8859634399414,76.19792175292969,83.57398986816406,77.96827697753906,73.4365234375,82.50001525878906,77.24746704101562,70.93013763427734,83.5647964477539,78.6890640258789,75.94290161132812,81.43523406982422,74.7271728515625,70.5564193725586,78.89795684814453,72.40345001220703,68.96366119384766,75.84323120117188,70.87492370605469,74.66523742675781,67.0845947265625,80.90318298339844,68.04037475585938,93.76599884033203,86.96241760253906,84.60081481933594,89.32400512695312,33246.56999041544,8048.221862572632,10.411706882579834,8.993206459376623,-0.00920963902322569,-0.9209639023225691,0,0,0,0
CZE,Czechia,2014,180173337874.8537,5296601.0,45668139577.96397,0.343988589646793,3.835101534230891,34948605112.04838,76.07758901286,12.64,80.77367401123047,76.16889190673828,85.37846374511719,80.29658508300781,73.40994262695312,87.1832275390625,80.62628173828125,71.78814697265625,89.46440887451172,79.96690368652344,75.03175354003906,84.90204620361328,74.72270202636719,70.15457153320312,79.29084014892578,72.8199691772461,69.45381164550781,76.18614196777344,70.47103881835938,73.6289291381836,67.31314086914062,80.87711334228516,67.3810043334961,94.37322235107422,87.30172729492188,84.9421615600586,89.66130828857422,34016.78508063071,8622.159679002432,10.43460936062107,9.062090875084838,0.022902478041237018,2.2902478041237018,0,0,0,0
CZE,Czechia,2015,189107698561.9188,5305064.0,50999745922.04889,0.309364548494975,0.8989134919040982,35566929213.88282,77.29220843572173,12.67,81.27381134033203,76.743896484375,85.80370330810547,80.73709106445312,74.34265899658203,87.13150787353516,80.38742065429688,71.995361328125,88.77947998046875,81.08673858642578,76.68994903564453,85.48353576660156,74.7691879272461,70.37918090820312,79.15918731689453,71.72538757324219,68.9677963256836,74.48297119140625,71.04134368896484,74.58328247070312,67.4994125366211,81.54082489013672,67.58646392822266,95.49518585205078,88.31510925292969,85.50982666015625,91.12039184570312,35646.63848766364,9613.408230711051,10.48141012932552,9.170914093689786,0.046800768704448714,4.680076870444871,0,0,0,0
CZE,Czechia,2016,193988322685.0577,5344644.0,49075176075.12649,0.683504209385702,5.475664214239176,36468966919.05077,79.08674941100922,12.74,81.51895904541016,76.94381713867188,86.09412384033203,80.82420349121094,73.84970092773438,87.79871368408203,80.23114776611328,70.89881896972656,89.56348419189453,81.4172592163086,76.80057525634766,86.03394317626953,75.08674621582031,70.8145523071289,79.35895538330078,71.50493621826172,69.06603240966797,73.94383239746094,70.60371398925781,73.44253540039062,67.76490020751953,83.15161895751953,69.93509674072266,96.3681411743164,88.64594268798828,86.16720581054688,91.12466430664062,36295.836109020114,9182.12252773552,10.499458305933013,9.125013669060747,0.01804817660749336,1.804817660749336,0,0,0,0
CZE,Czechia,2017,204024435232.9208,5370664.0,51763208922.48258,2.4505339846014,5.070662409555033,37126520656.53743,81.61056689804732,12.79,82.31975555419922,78.44788360595703,86.19161224365234,82.10211944580078,76.30470275878906,87.8995361328125,80.39318084716797,70.97128295898438,89.8150863647461,83.81105041503906,81.63809967041016,85.98399353027344,76.07270050048828,72.59517669677734,79.55023193359375,72.07318115234375,70.3680419921875,73.77832794189453,72.04593658447266,75.69690704345703,68.39495849609375,84.09899139404297,71.72057342529297,96.47740936279297,88.78441619873047,86.44376373291016,91.12506103515625,37988.679841621226,9638.13951542725,10.545043495423124,9.17348337265343,0.04558518949011159,4.558518949011159,0,0,0,0
CZE,Czechia,2018,209798950825.4201,5405110.0,55052834646.90128,2.14949494949492,3.303539982834066,38585375273.1338,82.06452312760226,12.83,82.39031219482422,77.894775390625,86.88585662841797,81.11454772949219,74.59578704833984,87.63330078125,80.2457275390625,71.3492660522461,89.1421890258789,81.98336029052734,77.8423080444336,86.1244125366211,77.15608215332031,72.74077606201172,81.57136535644531,72.39888000488281,71.14009857177734,73.65766906738281,74.75660705566406,75.0032958984375,74.50990295410156,84.31272888183594,72.07892608642578,96.5465316772461,88.90031433105469,86.3477554321289,91.45287322998047,38814.92713847083,10185.331038017965,10.566560171689257,9.228703830638157,0.02151667626613296,2.151667626613296,0,0,0,0
CZE,Czechia,2019,217279912681.7295,5394887.0,58187255488.32301,2.84787595918041,4.187057376190015,39559449159.00198,81.15977787924982,12.87,82.66893768310547,78.38090515136719,86.95695495605469,81.26810455322266,74.73419952392578,87.80201721191406,80.30572509765625,71.22368621826172,89.38776397705078,82.2304916381836,78.24471282958984,86.21627807617188,78.14826202392578,74.6807632446289,81.6157455444336,72.84088134765625,71.70097351074219,73.98078155517578,74.56395721435547,74.42666625976562,74.70124053955078,87.03994750976562,77.91465759277344,96.16523742675781,88.59043884277344,85.72775268554688,91.453125,40275.15547252973,10785.63007683442,10.603490068311585,9.28596997870551,0.03692989662232726,3.6929896622327263,0,0,0,0
CZE,Czechia,2020,205753475017.5395,5343016.0,52785590875.91029,3.1612952849781,3.391140662264686,41203191219.06601,90.16740335719498,12.916507,82.3795394897461,77.74861907958984,87.01042175292969,80.67559814453125,73.57131958007812,87.77985382080078,79.25234985351562,69.1246109008789,89.38006591796875,82.09883117675781,78.01802062988281,86.17963409423828,77.70405578613281,73.937255859375,81.4708480834961,71.639404296875,69.73973846435547,73.5390625,74.63448333740234,74.42729949951172,74.84166717529297,86.8382568359375,77.64469146728516,96.03182983398438,88.75895690917969,85.7373275756836,91.78057861328125,38508.86372369828,9879.362306964886,10.558643720367368,9.198203244829406,-0.04484634794421716,-4.484634794421716,0,0,1,0
CZE,Czechia,2021,214043320221.1675,5242069.0,62539474341.61318,3.83984491500146,4.430295245861961,41761918796.68683,88.95386710485744,12.963182,82.43500518798828,77.76402282714844,87.10601043701172,80.53275299072266,73.31690979003906,87.74856567382812,79.56111907958984,69.76167297363281,89.36055755615234,81.50436401367188,76.87214660644531,86.13658142089844,78.12720489501953,74.46290588378906,81.79150390625,71.71009826660156,69.54608154296875,73.87411499023438,74.95428466796875,74.53510284423828,75.37345123291016,87.71723937988281,79.30752563476562,96.12694549560547,88.64508819580078,85.51221466064453,91.77796173095703,40831.83953152229,11930.3035388533,10.617217436728144,9.386836958092116,0.05857371636077602,5.857371636077602,0,0,1,0
CZE,Czechia,2022,220137498830.7299,5369986.0,68897710814.3093,15.100165146837,3.029375172886684,41895177600.48783,84.44963256070464,12.963182,81.83804321289062,77.05891418457031,86.6171646118164,80.98783111572266,74.24517059326172,87.73048400878906,80.88896179199219,72.44025421142578,89.3376693725586,81.0866928100586,76.05009460449219,86.12329864501953,77.32650756835938,74.67506408691406,79.97798156738281,71.45497131347656,70.11849975585938,72.79145050048828,72.64876556396484,74.3302230834961,70.96729278564453,87.87584686279297,79.57649993896484,96.17520141601562,87.19976806640625,82.25650024414062,92.14302825927734,40994.054515361844,12830.147194854753,10.621182323350771,9.459552930252737,0.003964886622627617,0.3964886622627617,0,0,0,1
CZE,Czechia,2023,220242240981.1028,5536510.0,64724098429.72518,10.6612601372427,3.446241904648697,43377204126.22593,85.28961160783352,12.963182,81.86151123046875,77.17066192626953,86.55233764648438,80.6975326538086,73.66317749023438,87.73188018798828,80.9680404663086,72.60293579101562,89.3331527709961,80.42701721191406,74.72342681884766,86.13060760498047,77.69271850585938,75.60211944580078,79.7833251953125,71.29619598388672,70.56348419189453,72.02890014648438,72.76434326171875,74.39674377441406,71.13194274902344,89.01762390136719,81.84613037109375,96.18912506103516,87.19422149658203,82.24664306640625,92.14180755615234,39779.977094072405,11690.414797358839,10.591118976592623,9.366524536929747,-0.030063346758147702,-3.00633467581477,0,0,0,1
EST,Estonia,1995,10302024946.68893,704562.0,1478175405.465724,28.7766137208513,4.592689682118997,3092247930.584373,,10.883152,60.21332931518555,60.38517379760742,60.04148483276367,70.5970687866211,54.61998748779297,86.57415008544922,82.2186279296875,76.18624877929688,88.2509994506836,58.975521087646484,33.053733825683594,84.8973159790039,60.999229431152344,64.39618682861328,57.60227966308594,61.17581558227539,67.0829086303711,55.26872253417969,58.54887771606445,70.02035522460938,47.077396392822266,63.27300262451172,56.08528518676758,70.46072387695312,49.043670654296875,62.13933563232422,35.94802474975586,14621.885578116518,2098.006144903818,9.59027469749892,7.64874271788609,0.07698041238109887,7.698041238109887,0,0,0,0
EST,Estonia,1996,10811255302.96775,690966.0,1795417704.271181,23.0503433495169,3.465317036822177,3008778166.309763,,11.142522,62.768558502197266,62.819480895996094,62.717620849609375,74.87541198730469,61.6654167175293,88.08539581298828,85.46430969238281,80.28302001953125,90.64559173583984,64.28650665283203,43.04781723022461,85.52519989013672,62.72172546386719,67.01315307617188,58.4303092956543,61.773624420166016,67.04953002929688,56.49772262573242,61.947845458984375,76.9169692993164,46.97871780395508,64.44374084472656,57.072975158691406,71.81449890136719,50.70851516723633,59.77985763549805,41.63716506958008,15646.580733303448,2598.4168602669033,9.658007688602316,7.8626576386574,0.06773299110339615,6.7732991103396145,0,0,0,0
EST,Estonia,1997,12222126358.45241,690530.0,2360727730.899812,10.5818789322146,5.316787871730781,2994625219.876951,,11.401892,66.71570587158203,68.2113037109375,65.22010803222656,80.40035247802734,71.78700256347656,89.01368713378906,87.80970764160156,84.59354400634766,91.0258560180664,72.9909896850586,58.980464935302734,87.00151824951172,64.25421905517578,68.35504150390625,60.153411865234375,62.607521057128906,67.49344635009766,57.721588134765625,63.54457092285156,79.5162124633789,47.57292556762695,66.61058044433594,58.055450439453125,75.16571044921875,55.4925651550293,64.49187469482422,46.49324417114258,17699.631237531186,3418.7185653046386,9.781299084307102,8.137021071335957,0.12329139570478631,12.329139570478631,0,0,0,0
EST,Estonia,1998,12752545572.92222,674511.0,2729394979.41805,8.20833333333297,10.49664237249932,3125487827.274607,,11.661261,67.48672485351562,67.41950225830078,67.55397033691406,81.32803344726562,71.6385498046875,91.01750946044922,89.50611114501953,85.6499252319336,93.3623046875,73.14994049072266,57.62717056274414,88.67272186279297,65.87559509277344,69.26693725585938,62.484249114990234,64.0264892578125,68.3983154296875,59.6546630859375,66.20990753173828,80.173095703125,52.24672317504883,67.39038848876953,59.229393005371094,75.5513687133789,55.2566032409668,61.3530387878418,49.16016387939453,18906.35671311842,4046.4795672984574,9.847253478527554,8.305602539447772,0.06595439422045146,6.595439422045146,0,0,0,0
EST,Estonia,1999,12698344018.6504,669211.0,2312243525.385103,3.29611089718909,5.660895534509577,3159560968.145701,,11.92063,68.12601470947266,67.55860900878906,68.69341278076172,81.33415985107422,72.20064544677734,90.4676742553711,87.82159423828125,84.06717681884766,91.57601165771484,74.84672546386719,60.3341064453125,89.35934448242188,66.71851348876953,69.04196166992188,64.39506530761719,64.79224395751953,68.41935729980469,61.165122985839844,67.78083038330078,80.42884063720703,55.1328125,67.58247375488281,58.2777099609375,76.88725280761719,56.32535934448242,61.433204650878906,51.21752166748047,18975.09756810692,3455.178598954744,9.85088274417983,8.147629427761467,0.003629265652275393,0.3629265652275393,0,0,0,0
EST,Estonia,2000,13979307068.90276,677821.0,2820614253.670595,4.01848952508763,7.319237665985207,3054282618.492967,,12.18,69.49592590332031,68.02348327636719,70.96836853027344,81.93305206298828,73.28174591064453,90.58436584472656,86.54385375976562,81.70043182373047,91.38729095458984,77.32225799560547,64.8630599975586,89.78144073486328,68.602294921875,69.24653625488281,67.95806121826172,66.03736877441406,67.41476440429688,64.65996551513672,70.62757873535156,81.58931732177734,59.66585159301758,69.14193725585938,58.73551559448242,79.54835510253906,57.952423095703125,61.54219055175781,54.36265182495117,20623.89195510726,4161.296645678719,9.93420548637099,8.333581998361696,0.08332274219116087,8.332274219116087,0,0,0,0
EST,Estonia,2001,14801394595.55462,666902.0,3228897242.694374,5.74827981651373,9.48590177311271,3128965040.673826,,12.35,70.7505111694336,70.2612075805664,71.23979187011719,83.45849609375,76.0751724243164,90.84181213378906,87.23693084716797,82.99605560302734,91.4778060913086,79.6800537109375,69.15428924560547,90.20581817626953,69.06684112548828,70.71028900146484,67.42338562011719,66.60855865478516,67.44918060302734,65.76792907714844,70.76555633544922,82.62093353271484,58.91017532348633,69.8263931274414,62.06073760986328,77.59204864501953,59.726192474365234,63.998172760009766,55.45420837402344,22194.257320497796,4841.63676626307,10.007588855140265,8.485008117390194,0.07338336876927443,7.338336876927443,0,0,0,0
EST,Estonia,2002,15827575405.14847,654871.0,3996971763.083701,3.57191270164026,4.589264188915024,3226618817.742186,,12.52,70.44580841064453,69.68545532226562,71.20616912841797,81.86134338378906,77.66405487060547,86.05863189697266,87.10399627685547,82.6266098022461,91.58136749267578,76.61869812011719,72.70149230957031,80.5359115600586,69.42806243896484,69.56470489501953,69.29141998291016,67.42742919921875,67.54415893554688,67.3106918334961,73.05979919433594,82.49917602539062,63.620426177978516,67.79695129394531,58.650753021240234,76.94314575195312,60.048030853271484,61.82760238647461,58.268455505371094,24168.99726075589,6103.449019858416,10.09282598590088,8.716609303467191,0.0852371307606159,8.52371307606159,0,0,0,0
EST,Estonia,2003,17029885802.18055,675532.0,4713521616.786821,1.33499116549955,10.51217153930564,3350238524.989842,,12.690001,71.5857925415039,71.2540054321289,71.91759490966797,82.87549591064453,79.00028228759766,86.75070190429688,86.6686019897461,81.94380950927734,91.39338684082031,79.0823974609375,76.0567626953125,82.10802459716797,70.43126678466797,71.60223388671875,69.26029968261719,69.42753601074219,69.89926147460938,68.955810546875,73.88172149658203,84.33494567871094,63.42848587036133,67.98453521728516,60.57248306274414,75.39659118652344,61.45063400268555,63.15948486328125,59.741783142089844,25209.59155477542,6977.495687527491,10.134979818336136,8.850445347356182,0.04215383243525572,4.215383243525572,0,0,0,0
EST,Estonia,2004,18188037434.55017,677586.0,5049202490.496346,3.04811107523416,8.94665953048459,3431999639.412889,,12.86,73.92735290527344,72.14771270751953,75.70699310302734,85.5180892944336,81.15348815917969,89.88269805908203,88.44772338867188,80.68148040771484,96.21397399902344,82.58844757080078,81.62548065185547,83.5514144897461,71.79228210449219,71.80290222167969,71.78166198730469,71.15960693359375,72.13395690917969,70.18525695800781,71.66072845458984,78.66414642333984,64.65730285644531,72.55653381347656,64.61062622070312,80.50243377685547,64.47167205810547,63.48672866821289,65.45661926269531,26842.404409993964,7451.751497959442,10.197738170158017,8.916204384139078,0.06275835182188061,6.275835182188061,0,0,0,0
EST,Estonia,2005,19920094036.35975,673275.0,5404863926.126253,4.07971423199848,21.67022415819222,3532923150.96992,,13.03,73.9051742553711,71.4322280883789,76.37810516357422,85.142333984375,82.03230285644531,88.25237274169922,86.92810821533203,81.3913345336914,92.46488189697266,83.35655975341797,82.67326354980469,84.03985595703125,71.24099731445312,68.42356872558594,74.05842590332031,73.94447326660156,71.28234100341797,76.60659790039062,66.12344360351562,66.916748046875,65.33013916015625,73.65506744384766,67.07160186767578,80.238525390625,65.3321533203125,63.84080123901367,66.82350158691406,29586.861291982845,8027.721103748473,10.295085666499512,8.990655968872865,0.09734749634149509,9.734749634149509,0,0,0,0
EST,Estonia,2006,21864807422.09008,692908.0,7103922399.423843,4.43762042389213,10.32656834425855,3701813203.180857,,13.2,75.91210174560547,74.21029663085938,77.6139144897461,85.39865112304688,84.14552307128906,86.65180206298828,86.21273803710938,83.24819946289062,89.17727661132812,84.58457946777344,85.04283905029297,84.12631225585938,75.79722595214844,74.69837188720703,76.89608764648438,75.60575866699219,72.57289123535156,78.63864135742188,68.39669036865234,65.90518951416016,70.88819122314453,83.38921356201172,85.61701202392578,81.16141510009766,66.54043579101562,63.787010192871094,69.29385375976562,31555.13779908744,10252.33133319841,10.359491700958177,9.235260405845683,0.06440603445866522,6.440603445866522,0,0,0,0
EST,Estonia,2007,23520174236.28834,690796.0,7924273996.389757,6.60132603055637,13.51051327231563,3927570229.087888,,13.22,77.11549377441406,75.75171661376953,78.47926330566406,85.53720092773438,83.87324523925781,87.20116424560547,85.50961303710938,80.82942199707031,90.18980407714844,85.56480407714844,86.91707611083984,84.2125244140625,78.08537292480469,77.56684112548828,78.60388946533203,77.02532958984375,74.96037292480469,79.09028625488281,71.37068939208984,69.93199157714844,72.80937957763672,85.86006927490234,87.80814361572266,83.91199493408203,67.72386169433594,65.81501770019531,69.63270568847656,34047.93055589254,11471.221599994436,10.435524533104914,9.34759670837507,0.07603283214673695,7.603283214673695,0,0,0,0
EST,Estonia,2008,22314692031.20144,695990.0,6365316057.717237,10.3623580313682,8.122539719166271,4107096071.868357,,13.25,76.47419738769531,73.14323425292969,79.80516815185547,84.40636444091797,82.75260162353516,86.06014251708984,85.3292465209961,81.5657730102539,89.09272766113281,83.48350524902344,83.93943786621094,83.02755737304688,75.15626525878906,70.564208984375,79.74832153320312,78.40816497802734,74.62262725830078,82.19371032714844,70.42079162597656,67.35477447509766,73.48682403564453,76.63983917236328,69.71521759033203,83.56443786621094,69.85997009277344,66.11289978027344,73.60704803466797,32061.799783332288,9145.700452186436,10.375420562558306,9.121039151897966,-0.06010397054660821,-6.010397054660821,1,0,0,0
EST,Estonia,2009,19050002927.2983,688923.0,3671194597.871076,-0.0784083112809768,9.505441711370068,3976879200.973045,,13.32,76.63758850097656,73.0875244140625,80.18766021728516,83.33509063720703,81.61188507080078,85.05830383300781,84.55106353759766,79.23722076416016,89.86490631103516,82.1191177368164,83.98654174804688,80.25170135498047,75.36822509765625,71.11585998535156,79.62059020996094,77.60540008544922,74.78427124023438,80.42652893066406,72.34612274169922,70.51966857910156,74.17257690429688,76.15316772460938,68.04365539550781,84.26268005371094,71.2094497680664,66.53483581542969,75.88406372070312,27651.860842646132,5328.889582538362,10.227448304600813,8.580898161972971,-0.14797225795749291,-14.797225795749291,1,0,0,0
EST,Estonia,2010,19516680413.32898,682900.0,3932840151.402859,2.97204512015693,13.27703301290266,3949799319.851561,,13.33,77.47308349609375,74.06430053710938,80.88186645507812,84.31620788574219,83.77066802978516,84.86172485351562,86.32701873779297,82.63025665283203,90.02379608154297,82.30536651611328,84.91107940673828,79.69967651367188,76.3956298828125,71.83885955810547,80.952392578125,79.19523620605469,75.63168334960938,82.7587890625,72.615966796875,70.33100128173828,74.90093231201172,77.37568664550781,69.55392456054688,85.19744110107422,71.7074203491211,66.58336639404297,76.83148193359375,28579.11907062378,5759.027897793028,10.260431627727629,8.658523971702794,0.03298332312681573,3.2983323126815733,0,1,0,0
EST,Estonia,2011,21001309333.01294,687635.0,5077496728.446483,4.9819013145361,4.802404492515875,4044075739.680857,,13.4,78.97716522216797,75.5499496459961,82.40435028076172,84.595703125,83.84423065185547,85.34716033935547,87.30777740478516,85.6046142578125,89.01093292236328,81.88361358642578,82.0838394165039,81.68338012695312,78.79780578613281,73.95591735839844,83.63971710205078,81.17609405517578,77.40967559814453,84.94251251220703,73.90682983398438,72.63954162597656,75.17411804199219,81.3105239868164,71.81855010986328,90.80250549316406,73.5379409790039,68.84969329833984,78.22618865966797,30541.361816971126,7383.999837772194,10.326837169034885,8.907070754212508,0.0664055413072564,6.64055413072564,0,1,0,0
EST,Estonia,2012,21772481344.23009,683905.0,6025009222.958773,3.93339987296985,7.691656794951601,4172256654.421873,,13.45,79.31562805175781,75.33543395996094,83.29582214355469,85.04444885253906,84.36227416992188,85.72662353515625,87.26769256591797,85.9554443359375,88.5799560546875,82.82120513916016,82.76911926269531,82.87328338623047,78.99006652832031,73.10839080810547,84.87174224853516,82.42820739746094,77.45545959472656,87.40094757080078,72.22360229492188,68.57022094726562,75.87696838378906,82.31840515136719,73.29950714111328,91.33729553222656,73.91234588623047,68.53561401367188,79.2890853881836,31835.53467839845,8809.716587769899,10.368338387610807,9.083610549033654,0.04150121857592204,4.150121857592204,0,1,0,0
EST,Estonia,2013,22154913628.32436,680463.0,5820995547.476454,2.78056658954987,4.313939306295332,4288143056.821873,,13.54,79.53938293457031,76.09803771972656,82.98072814941406,84.55219268798828,83.62377166748047,85.48062133789062,86.29350280761719,84.48023986816406,88.10675811767578,82.81088256835938,82.76728820800781,82.85447692871094,79.85174560546875,75.53536987304688,84.16812896728516,81.93329620361328,78.22544860839844,85.64114379882812,75.50675964355469,74.44562530517578,76.56788635253906,82.11518859863281,73.93505096435547,90.29533386230469,74.21421813964844,69.13497161865234,79.29345703125,32558.586768603673,8554.462986931625,10.390796415261836,9.054208412518728,0.022458027651028445,2.2458027651028445,0,0,0,0
EST,Estonia,2014,22891074856.69384,675361.0,6068941801.895638,-0.106175146521709,6.585116181234025,4347085929.136326,,13.44,79.66314697265625,75.52653503417969,83.79974365234375,84.44637298583984,82.61605072021484,86.27669525146484,86.90633392333984,83.44715881347656,90.36551666259766,81.98641967773438,81.78495025634766,82.18788146972656,79.54340362548828,74.68299102783203,84.40380859375,81.9073257446289,78.20632934570312,85.60832977294922,74.32051086425781,71.35842895507812,77.28257751464844,82.40238189697266,74.48422241210938,90.3205337524414,74.9996337890625,69.28056335449219,80.71871185302734,33894.576169920736,8986.218928685012,10.43101028558039,9.10344745264125,0.04021387031855461,4.021387031855461,0,0,0,0
EST,Estonia,2015,23311847750.93944,682925.0,5744263336.426559,-0.49232600654737,-3.069105192920148,4481298155.950779,,13.49,80.56954956054688,76.37660217285156,84.76248931884766,84.37326049804688,81.64596557617188,87.10054016113281,85.95770263671875,81.97813415527344,89.93727111816406,82.7887954711914,81.31378936767578,84.26380920410156,80.49140167236328,75.24889373779297,85.7339096069336,81.39883422851562,77.23186492919922,85.56581115722656,76.00176239013672,73.62203216552734,78.38150787353516,84.07359313964844,74.89279174804688,93.25440979003906,76.8439712524414,72.23493957519531,81.45301818847656,34135.29706913562,8411.265272799443,10.438087232586904,9.03732719025947,0.007076947006513734,0.7076947006513734,0,0,0,0
EST,Estonia,2016,24032887679.50372,691079.0,6067307350.049421,0.148684907627372,3.769232561063898,4595295057.898045,,13.51,80.68536376953125,76.34249877929688,85.02825927734375,84.86329650878906,82.26072692871094,87.46585083007812,86.6281967163086,82.54536437988281,90.71104431152344,83.09837341308594,81.97608947753906,84.22065734863281,79.720947265625,73.60611724853516,85.8357925415039,80.91297912597656,76.73301696777344,85.09294128417969,73.54627990722656,68.3487548828125,78.74381256103516,84.70360565185547,75.73655700683594,93.67064666748047,77.47189331054688,73.16067504882812,81.78311157226562,34775.890570403266,8779.470002777427,10.456679625964899,9.080171320658817,0.01859239337799501,1.859239337799501,0,0,0,0
EST,Estonia,2017,25387062190.04678,697564.0,6875975743.801785,3.41723549488054,6.318927212196036,4682852267.661716,,13.56,81.36963653564453,77.66191864013672,85.07734680175781,85.14237976074219,82.71833038330078,87.5664291381836,86.6519546508789,82.35014343261719,90.95378112792969,83.6327896118164,83.08650207519531,84.1790771484375,81.39787292480469,76.91381072998047,85.88192749023438,80.98014068603516,76.95115661621094,85.00914001464844,75.97003936767578,72.88717651367188,79.05290222167969,87.24341583251953,80.90309143066406,93.583740234375,77.56868743896484,73.35364532470703,81.78372192382812,36393.88241085661,9857.12528714467,10.502155973864413,9.195949852058911,0.04547634789951438,4.547634789951438,0,0,0,0
EST,Estonia,2018,26326306710.8582,702066.0,7814349630.95872,3.43632688420446,4.080158321671985,4735377717.416795,,13.66,81.58562469482422,77.8654556274414,85.30574798583984,85.04728698730469,82.53731536865234,87.5572509765625,87.16085052490234,83.49879455566406,90.8228988647461,82.9337158203125,81.57583618164062,84.2916030883789,82.12100219726562,77.99478149414062,86.2472152709961,81.86344909667969,78.79263305664062,84.93427276611328,76.66371154785156,73.89839935302734,79.42902374267578,87.83583068847656,81.29331970214844,94.37834930419922,77.58853149414062,73.06426239013672,82.11280059814453,37498.33592690459,11130.505723049857,10.532051835691346,9.3174448810675,0.029895861826933157,2.9895861826933157,0,0,0,0
EST,Estonia,2019,27307395871.06758,700344.0,7771852976.439162,2.27725931243522,9.768193646469815,4886830665.038669,,13.6050005,80.86917114257812,76.15211486816406,85.58621215820312,85.13004302978516,82.54409790039062,87.71597290039062,86.7197265625,82.37117767333984,91.0682601928711,83.54035949707031,82.71702575683594,84.36370086669922,81.4903793334961,76.052978515625,86.92776489257812,81.99047088623047,79.10836791992188,84.87257385253906,73.99180603027344,67.66584014892578,80.3177719116211,88.48886108398438,81.3847427368164,95.59297943115234,75.98707580566406,69.85924530029297,82.11492156982422,38991.40404011112,11097.193631185763,10.571096491590179,9.314447529315238,0.03904465589883266,3.904465589883266,0,0,0,0
EST,Estonia,2020,26519903136.83123,700345.0,7489068331.059396,-0.444531097679829,12.0147752855703,5032896927.576559,,13.55,80.95276641845703,76.51762390136719,85.38792419433594,85.49370574951172,83.29052734375,87.69684600830078,86.52355194091797,81.98516082763672,91.06192016601562,84.46383666992188,84.59590148925781,84.33177185058594,81.3822021484375,76.41510009765625,86.34932708740234,81.2505874633789,78.07569122314453,84.42549133300781,75.3194580078125,70.35657501220703,80.28234100341797,87.57655334472656,80.81297302246094,94.34013366699219,75.98243713378906,69.84729766845703,82.11758422851562,37866.91293124279,10693.398726426827,10.54183300004585,9.277381888607872,-0.029263491544329057,-2.9263491544329057,0,0,1,0
EST,Estonia,2021,28709089435.11869,703200.0,8512488105.295979,4.65316673847472,20.22911286456526,5224472080.349216,,13.562166,81.16319274902344,77.18659973144531,85.13980865478516,86.30757904052734,85.23613739013672,87.37899017333984,88.15325927734375,85.84291076660156,90.46360778808594,84.46187591552734,84.6293716430664,84.29439544677734,80.97784423828125,76.35920715332031,85.59648895263672,80.10295104980469,78.86751556396484,81.33839416503906,74.51276397705078,68.01463317871094,81.01090240478516,88.31783294677734,82.19548797607422,94.4401626586914,76.20419311523438,69.96443176269531,82.44396209716797,40826.3501637069,12105.358511513052,10.617082989274822,9.401403485745902,0.07524998922897197,7.524998922897197,0,0,1,0
EST,Estonia,2022,28357067289.11549,735699.0,7826058216.674598,19.3982634080616,4.529883728131835,5227098297.361324,,13.562166,80.59476470947266,75.24385070800781,85.94566345214844,86.12188720703125,85.03170013427734,87.21205139160156,87.62391662597656,85.10467529296875,90.14315795898438,84.61982727050781,84.9587173461914,84.28095245361328,81.93236541748047,76.41458892822266,87.45016479492188,82.66913604736328,79.19660186767578,86.14167022705078,74.36907196044922,67.44194030761719,81.29619598388672,88.7589340209961,82.6052474975586,94.91261291503906,73.73002624511719,64.2852783203125,83.17477416992188,38544.387431701674,10637.581696691987,10.55956577647759,9.27214845291719,-0.05751721279723121,-5.751721279723121,0,0,0,1
EST,Estonia,2023,27578887219.40506,755414.0,7285771711.267791,9.15922507983982,12.540812828973,5271952574.990622,,13.562166,80.63981628417969,75.4665756225586,85.8130111694336,86.03221130371094,84.85414123535156,87.21028900146484,86.45508575439453,82.77387237548828,90.13629150390625,85.60934448242188,86.93440246582031,84.28428649902344,81.9743423461914,76.89482879638672,87.0538558959961,82.15764617919922,80.0420913696289,84.273193359375,74.5826187133789,67.20222473144531,81.9630126953125,89.18276977539062,83.440185546875,94.92535400390625,73.9128189086914,64.6507339477539,83.1749038696289,36508.30831756502,9644.740117694126,10.505295138806678,9.174167980206892,-0.054270637670912336,-5.427063767091234,0,0,0,1
HUN,Hungary,1995,79580966214.79642,4303818.0,20293119817.07993,28.30546837066536,10.31429233726385,18945206877.10883,46.36952411600704,9.825454,69.04844665527344,70.46326446533203,67.63359832763672,60.66231155395508,61.19315719604492,60.13145446777344,62.493804931640625,61.384918212890625,63.602699279785156,58.8307991027832,61.00138854980469,56.660213470458984,63.31196212768555,66.4887924194336,60.1351318359375,47.13347625732422,50.30485153198242,43.96211242675781,69.68121337890625,75.0093002319336,64.3531265258789,73.1211929321289,74.15222930908203,72.09015655517578,83.17102813720703,83.70784759521484,82.63421630859375,18490.783349759775,4715.143581136546,9.82502768961462,8.45853464659469,0.013721602257797727,1.3721602257797727,0,0,0,0
HUN,Hungary,1996,79661529391.28703,4306901.0,21319562367.0066,23.46903019191848,7.022575057507313,18416016754.2266,46.42748962432375,9.894546,71.64241027832031,71.85555267333984,71.42929077148438,66.94487762451172,65.45610046386719,68.43365478515625,66.06124114990234,66.85498809814453,65.26748657226562,67.82852172851562,64.05722045898438,71.59982299804688,62.7196159362793,64.68614959716797,60.75309753417969,47.55017852783203,49.77915954589844,45.32119369506836,67.90096282958984,70.69296264648438,65.10894012451172,72.70777130126953,73.58634948730469,71.82918548583984,85.26275634765625,85.42440032958984,85.1010971069336,18496.252732832036,4950.0934353974235,9.825323435567332,8.507161731222453,0.0002957459527124229,0.029574595271242288,0,0,0,0
HUN,Hungary,1997,82033753398.23236,4309332.0,23439820037.6095,18.30507441437988,8.785336301274068,18226225018.57106,44.8826876653987,9.963636,73.14031219482422,73.12577819824219,73.15484619140625,69.98809814453125,68.4284439086914,71.54776763916016,69.94939422607422,68.80786895751953,71.0909194946289,70.02681732177734,68.04901885986328,72.00462341308594,63.52384948730469,65.24771881103516,61.79998016357422,48.65968704223633,50.16843032836914,47.15093231201172,68.98869323730469,70.95697021484375,67.02041625976562,72.92314910888672,74.61773681640625,71.22856903076172,85.90899658203125,85.701171875,86.11680603027344,19036.3038629264,5439.31635752583,9.854103164654386,8.601408662380448,0.02877972908705395,2.877972908705395,0,0,0,0
HUN,Hungary,1998,85190500943.98744,4310955.0,27949845746.18779,14.15378965453398,6.685854301371958,17771766622.21547,43.91770234742086,10.032727,74.0936279296875,73.82353973388672,74.36371612548828,71.50346374511719,69.41085815429688,73.59607696533203,72.6202392578125,70.6225814819336,74.6178970336914,70.3866958618164,68.19913482666016,72.57426452636719,64.54138946533203,66.06201934814453,63.020751953125,49.18525314331055,49.79881286621094,48.57168960571289,69.92195892333984,71.19964599609375,68.64427947998047,74.5169448852539,77.18759155273438,71.84628295898438,86.23605346679688,85.99774932861328,86.47434997558594,19761.39879539161,6483.4464164408555,9.891485758036884,8.777007502350925,0.03738259338249783,3.738259338249783,0,0,0,0
HUN,Hungary,1999,87819529312.33008,4319306.0,28182147555.60833,9.997744093033676,6.885581573024975,18065105206.16112,45.57763654022384,10.101818,75.29203796386719,74.75181579589844,75.83224487304688,72.14872741699219,69.5955581665039,74.70189666748047,73.00846862792969,70.39958953857422,75.61734771728516,71.28898620605469,68.7915267944336,73.78645324707031,66.11422729492188,68.35954284667969,63.868934631347656,51.807838439941406,50.793190002441406,52.822486877441406,72.33598327636719,77.09051513671875,67.5814437866211,74.19889831542969,77.19493865966797,71.20286560058594,87.61312103271484,86.30034637451172,88.92589569091797,20331.861024046473,6524.69344742149,9.919944443212254,8.783349249849156,0.028458685175369425,2.8458685175369425,0,0,0,0
HUN,Hungary,2000,91691821698.80937,4344023.0,29681044145.44066,9.803610169081253,5.812072105160343,18823538256.37905,44.85197069367175,10.170909,76.17166900634766,76.24382019042969,76.0995101928711,73.53046417236328,71.75089263916016,75.3100357055664,75.0724868774414,73.67281341552734,76.47216033935547,71.98844909667969,69.8289794921875,74.14791870117188,67.363525390625,70.661376953125,64.06568145751953,52.8028450012207,50.822792053222656,54.78289794921875,73.82679748535156,82.12031555175781,65.53327941894531,75.4609603881836,79.0410385131836,71.88087463378906,87.62097930908203,86.31919860839844,88.92276763916016,21107.582003780684,6832.616711615168,9.957387591590269,8.829462999488042,0.03744314837801532,3.7443148378015323,0,0,0,0
HUN,Hungary,2001,95416367494.03722,4378291.0,28563898675.46027,9.116809116809106,7.544264731662485,19572008269.71441,45.16784778172978,10.24,77.78486633300781,77.02144622802734,78.54827117919922,75.60557556152344,71.31928253173828,79.89186096191406,74.75090026855469,73.37464141845703,76.12715911865234,76.46024322509766,69.263916015625,83.65655517578125,69.57081604003906,73.70130920410156,65.44031524658203,54.2188835144043,51.94248580932617,56.495277404785156,75.57933044433594,83.87818145751953,67.28047180175781,78.91423034667969,85.28324890136719,72.54521179199219,88.17821502685547,86.04376983642578,90.31266784667969,21793.062063265603,6523.983598956824,9.989346944144993,8.783240449782628,0.03195935255472371,3.195935255472371,0,0,0,0
HUN,Hungary,2002,99929623991.07944,4404391.0,30310278246.82022,5.265448215839854,5.386780909154309,20646408849.66841,45.43298135983575,10.3875,77.40687561035156,76.64253234863281,78.1712417602539,74.07166290283203,69.85125732421875,78.29207611083984,72.86322021484375,70.94132995605469,74.78511810302734,75.28010559082031,68.76117706298828,81.79903411865234,70.01129150390625,74.38937377929688,65.63320922851562,54.76268005371094,53.266624450683594,56.25873947143555,75.755859375,83.73812103271484,67.77359008789062,79.51534271240234,86.16338348388672,72.86730194091797,88.1376953125,85.68695068359375,90.58843231201172,22688.635952411907,6881.831846178103,10.029619459281568,8.836640152199296,0.04027251513657504,4.027251513657504,0,0,0,0
HUN,Hungary,2003,103865629649.0228,4420410.0,30897300302.90124,4.661016949152537,4.88025299452782,21699014615.19874,46.00919273132531,10.535,78.0846939086914,77.49324798583984,78.6761474609375,74.57231903076172,70.37019348144531,78.77444458007812,72.53118896484375,71.08257293701172,73.97978973388672,76.61346435546875,69.6578140258789,83.56909942626953,70.51422119140625,74.36902618408203,66.65940856933594,55.16632080078125,53.91497802734375,56.41766357421875,77.58723449707031,85.52371215820312,69.65076446533203,78.78909301757812,83.66838073730469,73.90980529785156,89.16756439208984,87.74053955078125,90.5945816040039,23496.831662452758,6989.691070036771,10.064620868168479,8.852191638262168,0.03500140888691128,3.500140888691128,0,0,0,0
HUN,Hungary,2004,109020611056.0806,4441310.0,36441872550.89532,6.744346795694687,4.362912778236161,21886508014.64206,46.49962008050007,10.6825,80.67940521240234,78.67640686035156,82.68242645263672,80.81079864501953,72.54627227783203,89.0753402709961,81.268310546875,70.18232727050781,92.35429382324219,80.3532943725586,74.91020202636719,85.79637908935547,72.4159164428711,75.70978546142578,69.12203979492188,56.57218551635742,55.729087829589844,57.41527557373047,78.09257507324219,85.29087829589844,70.89427185058594,82.5830078125,86.10942077636719,79.05657958984375,88.81153106689453,87.77313995361328,89.84992218017578,24546.949223558047,8205.208046926542,10.108342857621265,9.012524359318093,0.04372198945278605,4.372198945278605,0,0,0,0
HUN,Hungary,2005,113708806061.0917,4456354.0,36078174648.73786,3.561517113783518,24.30602880684273,22324534381.06916,49.82924877070164,10.83,81.11161041259766,78.62743377685547,83.59577941894531,81.38890075683594,75.18158721923828,87.59620666503906,81.126708984375,71.26653289794922,90.98688507080078,81.65108489990234,79.09664916992188,84.20552825927734,73.2550048828125,73.51029968261719,72.99970245361328,61.525917053222656,56.815399169921875,66.23643493652344,76.3363265991211,78.4400405883789,74.23260498046875,81.90274810791016,85.27542114257812,78.53007507324219,88.6909408569336,87.1904525756836,90.19142150878906,25516.10712728201,8095.895130579362,10.147065183788603,8.999112438204637,0.038722326167338394,3.8722326167338394,0,0,0,0
HUN,Hungary,2006,118182032745.5501,4468587.0,36087117154.44617,3.930326038410014,16.15748765032649,22727631049.01865,52.6279427688957,11.075,81.91084289550781,79.72924041748047,84.09246063232422,83.20573425292969,80.1568603515625,86.25463104248047,80.36808776855469,73.51956176757812,87.21662902832031,86.04339599609375,86.79415893554688,85.29263305664062,73.28876495361328,71.83269500732422,74.74483489990234,62.24273681640625,57.46966552734375,67.01581573486328,74.83570861816406,72.4886703491211,77.1827621459961,82.7878189086914,85.53972625732422,80.0359115600586,89.23805236816406,87.19818115234375,91.27790832519531,26447.29368490534,8075.7333704023595,10.182909113900559,8.996618963831052,0.0358439301119553,3.58439301119553,0,0,0,0
HUN,Hungary,2007,118574815857.9734,4463496.0,35297254354.33732,7.958745165449096,50.40652302751359,21757690207.90635,55.22539070537108,11.32,82.52392578125,80.1420669555664,84.90574645996094,84.11894989013672,81.68598175048828,86.55193328857422,81.5008316040039,75.30538177490234,87.69628143310547,86.73707580566406,88.06656646728516,85.4075698852539,73.88261413574219,71.87771606445312,75.88751220703125,64.7182388305664,61.10612869262695,68.33035278320312,73.54285430908203,68.72509765625,78.36061096191406,83.3867416381836,85.8019027709961,80.97156524658203,89.57015228271484,86.86248016357422,92.27781677246094,26565.45807545776,7907.983866085535,10.187367082307155,8.9756281440868,0.00445796840659618,0.445796840659618,0,0,0,0
HUN,Hungary,2008,119752782052.7458,4452834.0,35886026249.06862,6.042512538810601,47.23642118966376,22422102691.23715,56.72214803782253,11.565001,81.00454711914062,77.06543731689453,84.94367218017578,83.40450286865234,81.5673599243164,85.24166107177734,81.34545135498047,76.14202117919922,86.54889678955078,85.46356201171875,86.99268341064453,83.9344253540039,69.15694427490234,61.0014762878418,77.31240844726562,64.73412322998047,60.12400817871094,69.34423828125,75.50688934326172,71.27102661132812,79.74275970458984,67.22982025146484,51.60939025878906,82.85022735595703,90.45221710205078,88.62748718261719,92.2769546508789,26893.6102385011,8059.143064634482,10.199643999771217,8.994562510324094,0.01227691746406201,1.227691746406201,1,0,0,0
HUN,Hungary,2009,111681245651.5213,4400693.0,27132118578.47315,4.211711711711715,-2.282804956311935,22586519649.52163,60.4917208079251,11.81,81.37389373779297,77.15419006347656,85.59362030029297,84.7531967163086,83.52876281738281,85.97762298583984,82.79977416992188,77.32950592041016,88.2700424194336,86.70659637451172,89.72799682617188,83.6852035522461,69.0528564453125,59.940765380859375,78.16496276855469,64.82036590576172,60.66791915893555,68.97280883789062,73.61543273925781,67.3115463256836,79.9193115234375,68.72280883789062,51.84285354614258,85.60276794433594,90.31565856933594,87.99308776855469,92.63822937011719,25378.10423301996,6165.419532440265,10.141642043168062,8.726711463962788,-0.05800195660315488,-5.800195660315488,1,0,0,0
HUN,Hungary,2010,112873946275.5872,4434705.0,27931491265.72622,4.85555795691956,-15.88543802833379,22543685392.85619,60.86590964501307,11.88,81.29344940185547,77.56863403320312,85.01824951171875,83.8489761352539,83.53388977050781,84.16404724121094,82.69127655029297,77.99059295654297,87.3919677734375,85.00664520263672,89.0771713256836,80.9361343383789,70.06070709228516,60.783058166503906,79.33834838867188,65.9573745727539,61.26464080810547,70.65010833740234,75.26148223876953,69.99087524414062,80.5320816040039,68.96327209472656,51.09368896484375,86.83285522460938,89.97066497802734,88.38896179199219,91.5523681640625,25452.41369506815,6298.387664055719,10.14456585815223,8.748048953284528,0.0029238149841681604,0.29238149841681604,0,1,0,0
HUN,Hungary,2011,115037411549.8744,4449987.0,27189617236.70916,3.9299209893507,7.454421454923814,22628057959.60012,62.49796434572598,11.92,80.9041976928711,77.67125701904297,84.13714599609375,82.61746978759766,83.02405548095703,82.21086883544922,82.06551361083984,79.04019165039062,85.0908203125,83.1694107055664,87.00790405273438,79.3309097290039,69.93132781982422,61.57680130004883,78.28588104248047,66.42314147949219,61.73422622680664,71.11204528808594,75.81332397460938,70.5084228515625,81.11823272705078,67.55755615234375,52.48776626586914,82.62735748291016,90.1637954711914,88.41290283203125,91.91468048095703,25851.179239371802,6110.044194895212,10.160111497440445,8.717689285346554,0.01554563928821473,1.554563928821473,0,1,0,0
HUN,Hungary,2012,113496503293.0166,4485535.0,25694694812.18199,5.652145170886461,8.305498507720907,22319891169.1264,58.71972914320258,11.84,80.96310424804688,77.9758529663086,83.95034790039062,81.9725112915039,83.01940155029297,80.92561340332031,81.78361511230469,78.6816635131836,84.88557434082031,82.1613998413086,87.3571548461914,76.96565246582031,70.73942565917969,62.46623611450195,79.0125961303711,67.28653717041016,62.206485748291016,72.36659240722656,77.15373229980469,72.5768814086914,81.7305679321289,67.77799987792969,52.6153450012207,82.94063568115234,90.17737579345703,88.44190979003906,91.912841796875,25302.77955539676,5728.345629268748,10.138669532530695,8.653182047125377,-0.0214419649097497,-2.14419649097497,0,1,0,0
HUN,Hungary,2013,115802945078.1865,4520977.0,27040137798.29392,1.73319984983101,-2.749863952570859,23015077013.95291,60.33404162705337,12.01,81.09286499023438,78.1256332397461,84.06007385253906,81.69052124023438,82.4476089477539,80.93344116210938,81.70893096923828,78.51990509033203,84.89794921875,81.67212677001953,86.37531280517578,76.96894073486328,71.23184967041016,63.45954895019531,79.0041732788086,68.12702941894531,63.931121826171875,72.32293701171875,77.2033920288086,72.07585906982422,82.3309326171875,68.36515808105469,54.37168884277344,82.358642578125,90.3561782836914,88.46974182128906,92.24260711669922,25614.58398885606,5981.038567171193,10.15091715532227,8.696349505305191,0.012247622791575097,1.2247622791575097,0,0,0,0
HUN,Hungary,2014,120822254244.7299,4626892.0,30462833084.04421,-0.2275662709882186,9.126502233057895,24205010158.14487,57.1612811738712,11.77,81.88675689697266,77.48756408691406,86.28595733642578,83.90899658203125,80.65985870361328,87.15813446044922,83.99373626708984,77.96939086914062,90.0180892944336,83.82425689697266,83.35032653808594,84.29817962646484,71.74906921386719,64.03783416748047,79.46027374267578,68.50578308105469,64.774169921875,72.23741912841797,77.7225341796875,72.49778747558594,82.94728088378906,69.01885223388672,54.84156799316406,83.19613647460938,90.0022201538086,87.76500701904297,92.23944091796875,26113.04829348295,6583.865169976781,10.170190403001314,8.79237726371113,0.019273247679043592,1.9273247679043592,0,0,0,0
HUN,Hungary,2015,125244126623.2895,4709412.0,29879197730.30349,-0.06164468006416725,-4.367255909787597,24676695336.20327,56.68273995344543,11.85,81.42442321777344,77.70402526855469,85.1447982788086,81.2931900024414,80.72160339355469,81.86475372314453,83.04296112060547,77.859130859375,88.22679138183594,79.54339599609375,83.58406829833984,75.50272369384766,72.78978729248047,64.60990142822266,80.96965026855469,67.316650390625,64.52508544921875,70.10822296142578,80.56829833984375,72.87823486328125,88.25836944580078,70.484375,56.42638397216797,84.54237365722656,90.1902847290039,87.78058624267578,92.5999984741211,26594.429755410973,6344.570772381667,10.188457065149622,8.75535472969345,0.0182666621483083,1.82666621483083,0,0,0,0
HUN,Hungary,2016,128298381762.5922,4780556.0,29081685347.18116,0.3947693066863919,53.84676367850149,24859205427.22383,58.56405239475057,11.89,81.74566650390625,77.99044036865234,85.50091552734375,81.25340270996094,80.3447494506836,82.16207122802734,83.25142669677734,77.55103302001953,88.95182037353516,79.2553939819336,83.13845825195312,75.37232208251953,73.75877380371094,66.08493041992188,81.4326171875,67.9432601928711,65.95130157470703,69.93521118164062,80.7681884765625,72.31656646728516,89.21981048583984,72.56488800048828,59.98691940307617,85.14286041259766,90.224853515625,87.54168701171875,92.90801239013672,26837.543951496897,6083.326991082451,10.197557079875379,8.713307027780196,0.009100014725756722,0.9100014725756722,0,0,0,0
HUN,Hungary,2017,133589642960.1722,4807691.0,31473978977.42372,2.348242811501539,-8.631354962363897,25543332766.50587,58.27178531870953,11.9800005,82.29191589355469,79.10577392578125,85.47804260253906,81.54048156738281,80.78556823730469,82.29537963867188,83.6046371459961,77.80975341796875,89.3995361328125,79.4762954711914,83.76136016845703,75.19123077392578,74.98291778564453,68.73487091064453,81.2309799194336,68.68409729003906,67.24915313720703,70.11904907226562,80.81209564208984,72.29203796386719,89.33216094970703,75.45257568359375,66.6634292602539,84.24172973632812,90.35233306884766,87.79686737060547,92.90779876708984,27786.65329368551,6546.589407976453,10.232311087045654,8.78669949194512,0.03475400717027455,3.475400717027455,0,0,0,0
HUN,Hungary,2018,141078862882.1647,4835700.0,36853458802.27381,2.850247925946455,-40.10824601697438,25998184958.78568,58.84679688544681,12.07,81.84608459472656,78.87799072265625,84.81417083740234,80.87059783935547,79.3611831665039,82.3800048828125,83.68312072753906,78.16161346435547,89.20462799072266,78.05807495117188,80.56076049804688,75.55538177490234,74.49221801757812,69.82877349853516,79.15565490722656,70.06608581542969,69.89115142822266,70.24102020263672,80.59221649169922,72.13915252685547,89.04528045654297,72.81832885742188,67.45600891113281,78.18065643310547,90.17543029785156,87.44397735595703,92.9068832397461,29174.444833667247,7621.1218235775195,10.28104842813625,8.938678858786684,0.048737341090596686,4.873734109059669,0,0,0,0
HUN,Hungary,2019,148241697677.3038,4843975.0,41340201861.58091,3.338586353820081,59.57754938339524,27538675234.71133,57.8195336151716,12.16,81.52672576904297,78.60901641845703,84.44441986083984,81.11750030517578,79.67474365234375,82.56026458740234,83.79792022705078,78.2192153930664,89.37662506103516,78.43708038330078,81.13026428222656,75.74391174316406,74.1490707397461,70.43090057373047,77.8672103881836,68.7066421508789,70.26329803466797,67.14998626708984,80.36275482177734,70.67523193359375,90.0502700805664,73.3778076171875,70.35421752929688,76.40140533447266,89.3135986328125,85.72140502929688,92.90579986572266,30603.316011602827,8534.35491751731,10.328863648461509,9.051855051530609,0.04781522032525842,4.781522032525842,0,0,0,0
HUN,Hungary,2020,141809897486.4308,4829178.0,38139557891.43353,3.326743857667376,105.6357555440963,27513858931.56007,68.76967530126251,12.25,81.27474975585938,78.13078308105469,84.418701171875,80.93138122558594,79.42517852783203,82.43755340576172,82.79338073730469,76.27583312988281,89.3109130859375,79.0693588256836,82.57451629638672,75.56419372558594,73.42185974121094,69.23875427246094,77.60494232177734,67.7212905883789,68.36852264404297,67.07404327392578,81.00101470947266,70.96703338623047,91.03499603271484,71.5432357788086,68.38068389892578,74.7057876586914,89.47101593017578,85.72843933105469,93.21359252929688,29365.22478285762,7897.732883615707,10.287566422715594,8.974331020511897,-0.041297225745914545,-4.1297225745914545,0,0,1,0
HUN,Hungary,2021,152052706989.4447,4864077.0,43152008343.10347,5.110965343828553,18.26391089721043,28016764966.4826,71.58707002205489,12.331622,81.34689331054688,78.20800018310547,84.4858169555664,80.93290710449219,79.4377670288086,82.42801666259766,83.4144287109375,77.02350616455078,89.80535125732422,78.45136260986328,81.8520278930664,75.0506820678711,73.38619232177734,68.95564270019531,77.81674194335938,67.70319366455078,68.79864501953125,66.60773468017578,79.96158599853516,68.35322570800781,91.56993865966797,72.4937973022461,69.71505737304688,75.27254486083984,89.72163391113281,86.23058319091797,93.21268463134766,31260.341271210284,8871.571799357507,10.350105521101105,9.090607263591044,0.06253909838551053,6.253909838551053,0,0,1,0
HUN,Hungary,2022,158366514062.4818,4912669.0,43421232507.43296,14.60814394924334,-1.083244919693834,28834192226.11047,65.41015580127278,12.331622,81.54623413085938,78.03182983398438,85.06063842773438,82.26612854003906,82.05961608886719,82.47264099121094,85.26570129394531,80.20448303222656,90.32691955566406,79.26656341552734,83.9147720336914,74.61836242675781,74.22089385986328,69.3104476928711,79.13134002685547,69.6347885131836,69.2896728515625,69.97990417480469,80.22040557861328,68.76600646972656,91.67479705810547,72.80751037597656,69.87568664550781,75.73933410644531,88.15165710449219,82.72541046142578,93.57791137695312,32236.34933729136,8838.623670235662,10.380849956254133,9.086886450097957,0.030744435153028604,3.0744435153028604,0,0,0,1
HUN,Hungary,2023,157072489603.652,4971665.0,33208852791.53971,17.12496596787366,-33.19103181582231,29173264836.70895,59.26821638197228,12.331622,82.01068878173828,79.18012237548828,84.84124755859375,81.965087890625,81.49996185302734,82.43021392822266,84.8879165649414,79.46875,90.30708312988281,79.0422592163086,83.53116607666016,74.5533447265625,75.36267852783203,72.57492065429688,78.15045166015625,68.24227142333984,70.4356918334961,66.04885864257812,80.67839813232422,69.16866302490234,92.18811798095703,77.16739654541016,78.12042236328125,76.21437072753906,88.70426177978516,83.46546173095703,93.94306945800781,31593.538503429336,6679.623987444792,10.360707900927002,8.806816975641718,-0.020142055327131203,-2.0142055327131203,0,0,0,1
LTU,Lithuania,1995,17870049092.55024,1795413.0,1946576969.328767,39.64762903282894,0.9159900683032104,5769371613.141407,,10.026763,53.76131057739258,49.31428527832031,58.20831298828125,58.364463806152344,39.9506950378418,76.77823638916016,66.5409927368164,59.7901611328125,73.29183197021484,50.18792724609375,20.11121940612793,80.26464080810547,50.790130615234375,45.08104705810547,56.49922180175781,49.755001068115234,45.465885162353516,54.04411697387695,48.04031753540039,46.63019943237305,49.450439453125,54.5750846862793,43.147064208984375,66.00311279296875,52.129310607910156,62.91111755371094,41.3475227355957,9953.16904386358,1084.1945387099051,9.205646276313988,6.988592629652423,0.047192712832460515,4.7192712832460515,0,0,0,0
LTU,Lithuania,1996,18768366411.83127,1768048.0,2429535805.436159,24.62519538645,1.807784755787576,5772297398.633985,,10.211087,56.607688903808594,52.936805725097656,60.278560638427734,63.53562545776367,49.23657989501953,77.83465576171875,72.355712890625,70.23377227783203,74.4776382446289,54.715538024902344,28.239391326904297,81.19168090820312,53.263893127441406,48.96805953979492,57.559722900390625,52.65776062011719,49.52759552001953,55.787925720214844,51.50762939453125,53.52429962158203,49.4909553527832,55.62630844116211,43.852317810058594,67.40029907226562,53.02353286743164,60.60577392578125,45.44129180908203,10615.303663606004,1374.1345288341488,9.27005198075654,7.225579378349031,0.06440570444255123,6.440570444255123,0,0,0,0
LTU,Lithuania,1997,20326259134.81916,1740017.0,3428015211.617282,8.88104848465892,3.562921049363312,6031294321.23125,,10.395411,59.95197677612305,57.23534393310547,62.66858673095703,66.97903442382812,54.48853302001953,79.46956634521484,75.22776794433594,74.25733184814453,76.1982192993164,58.730323791503906,34.7197380065918,82.74091339111328,57.09858703613281,55.36383056640625,58.833335876464844,54.16007614135742,51.05152893066406,57.26860809326172,53.245750427246094,53.41655731201172,53.07494354248047,63.88992691040039,61.623409271240234,66.15644073486328,55.77827453613281,61.85367965698242,49.70286560058594,11681.643992454763,1970.104436690723,9.365773999256136,7.585841833875456,0.09572201849959683,9.572201849959683,0,0,0,0
LTU,Lithuania,1998,21843195078.86926,1713133.0,4160241080.122441,5.067553858419683,8.138558135974984,6340269251.986718,,10.579734,61.04219055175781,57.24892044067383,64.83546447753906,67.94046783447266,55.29050064086914,80.59044647216797,74.37969970703125,70.8655014038086,77.89391326904297,61.5012321472168,39.71549987792969,83.28697204589844,57.8734245300293,54.757720947265625,60.98911666870117,54.921817779541016,51.080841064453125,58.762794494628906,53.646385192871094,52.533416748046875,54.759361267089844,65.05204772949219,60.65888595581055,69.44519805908203,57.31270217895508,61.69855499267578,52.92684555053711,12750.437402623882,2428.440220416302,9.453320856086279,7.79500444563613,0.08754685683014252,8.754685683014252,0,0,0,0
LTU,Lithuania,1999,21603573442.03485,1715516.0,3645984321.64101,0.7275506265574238,5.1218707362885,6063212788.068749,,10.764058,61.36935806274414,56.26799011230469,66.47073364257812,67.77529907226562,54.48005294799805,81.07054138183594,72.27749633789062,66.21195983886719,78.34302520751953,63.273109436035156,42.74815368652344,83.7980728149414,58.20103073120117,54.30404281616211,62.0980339050293,54.56378173828125,49.994747161865234,59.13282775878906,54.25144577026367,52.407562255859375,56.0953254699707,65.78788757324219,60.50983810424805,71.06593322753906,58.1317253112793,60.01984786987305,56.24361038208008,12593.046897863296,2125.298931424137,9.44090010712051,7.661667745076271,-0.012420748965768169,-1.242074896576817,0,0,0,0
LTU,Lithuania,2000,22342117970.7075,1685904.0,3272517637.004685,0.9816154788575978,3.292204287776518,6072281946.436718,,10.948381,63.84465789794922,58.847713470458984,68.84159088134766,68.59616088867188,55.492347717285156,81.6999740600586,72.493408203125,65.57911682128906,79.40771484375,64.69890594482422,45.40557861328125,83.99223327636719,62.157840728759766,59.211856842041016,65.10382080078125,56.088844299316406,50.71129608154297,61.466400146484375,57.76271438598633,57.69059371948242,57.834842681884766,72.6219482421875,69.23368072509766,76.01022338867188,60.77995681762695,61.838951110839844,59.72095489501953,13252.307350067085,1941.105565325597,9.491926955881528,7.571012968771796,0.05102684876101726,5.102684876101726,0,0,0,0
LTU,Lithuania,2001,23790809196.6404,1645989.0,3785357025.301116,1.367120308178191,3.608258803167425,6160632457.917188,,11.132706,65.23131561279297,60.07834243774414,70.38426971435547,70.83454895019531,57.24248504638672,84.42662048339844,76.72457122802734,68.53688049316406,84.91226959228516,64.94452667236328,45.94808578491211,83.94096374511719,62.316558837890625,59.46149444580078,65.1716079711914,57.61518478393555,51.56755065917969,63.66281509399414,58.44731903076172,58.14891052246094,58.74571990966797,70.88716888427734,68.66803741455078,73.1063003540039,62.542842864990234,63.53108215332031,61.554595947265625,14453.808133979268,2299.7462469683064,9.578713197504046,7.740554068425641,0.08678624162251758,8.678624162251758,0,0,0,0
LTU,Lithuania,2002,25389513378.75701,1626250.0,4455418475.580544,0.2815066103455753,4.62664162847931,6289664369.045313,,11.317029,65.30347442626953,60.80442810058594,69.8025131225586,69.0993423461914,58.56975555419922,79.6289291381836,79.35191345214844,71.95311737060547,86.75070190429688,58.846771240234375,45.1863899230957,72.50716400146484,63.76568603515625,60.66917037963867,66.86222076416016,58.628814697265625,52.09035110473633,65.16727447509766,60.61011505126953,59.273826599121094,61.9463996887207,72.05815887451172,70.6433334350586,73.47298431396484,63.045379638671875,63.17435073852539,62.91640853881836,15612.306458882098,2739.688532255523,9.65581475780821,7.9155995185613985,0.0771015603041647,7.710156030416471,0,0,0,0
LTU,Lithuania,2003,28068588415.9846,1681096.0,5169826672.456543,-1.134308549902469,1.155811322980261,6501649011.441016,,11.501352,67.13319396972656,61.937103271484375,72.3293228149414,70.86981964111328,60.23197555541992,81.5076675415039,79.45648956298828,71.89419555664062,87.01876831054688,62.28316116333008,48.56975173950195,75.99656677246094,65.48775482177734,62.31804656982422,68.657470703125,60.34355926513672,53.54814529418945,67.13897705078125,62.65822219848633,60.67085266113281,64.64559936523438,73.46148681640625,72.73513793945312,74.18783569335938,65.04206848144531,63.26129150390625,66.82282257080078,16696.600560577503,3075.2715326528305,9.722960418436994,8.031148479643845,0.06714566062878369,6.714566062878369,0,0,0,0
LTU,Lithuania,2004,29893617960.05685,1590937.0,6325085745.627409,1.164102521046706,3.867275147374329,6772107202.198438,,11.685677,70.22422790527344,64.122802734375,76.32564544677734,73.46239471435547,62.53413009643555,84.39065551757812,81.64153289794922,71.4254379272461,91.85762023925781,65.28325653076172,53.64281463623047,76.92369842529297,67.6810073852539,65.45355987548828,69.90846252441406,63.571380615234375,59.45647048950195,67.68628692626953,63.6131591796875,61.02182388305664,66.20449829101562,75.8585205078125,75.88243103027344,75.8345947265625,69.52925109863281,64.38067626953125,74.6778335571289,18789.944517009066,3975.6984378560614,9.841077139609595,8.287955719290398,0.1181167211726013,11.81167211726013,0,0,0,0
LTU,Lithuania,2005,32204827116.6036,1551720.0,6548887644.735759,2.658484840652617,4.951314034257298,7013016845.652734,,11.87,71.54082489013672,65.77220153808594,77.30943298339844,72.8100357055664,65.63511657714844,79.98497009277344,81.35717010498047,73.60691833496094,89.10741424560547,64.26290893554688,57.66330337524414,70.86251831054688,71.63794708251953,67.34398651123047,75.9319076538086,69.87400817871094,61.07773208618164,78.6702880859375,65.79032135009766,64.77291870117188,66.80772399902344,79.24950408935547,76.18128967285156,82.31773376464844,70.17444610595703,64.33748626708984,76.01141357421875,20754.277264328357,4220.405514355527,9.940507637636955,8.347686495862554,0.0994304980273597,9.94304980273597,0,0,0,0
LTU,Lithuania,2006,34586529059.4547,1509125.0,7343535081.173473,3.739120040606639,7.502216046846834,7160559869.848045,,12.01,73.14443969726562,68.22797393798828,78.06092834472656,74.89252471923828,70.49398040771484,79.29106903076172,80.62632751464844,75.9190673828125,85.33360290527344,69.1587142944336,65.06889343261719,73.24853515625,73.32260131835938,69.14490509033203,77.50029754638672,72.02653503417969,63.46240234375,80.5906753540039,66.4802474975586,64.47979736328125,68.48070526123047,81.46099853515625,79.49249267578125,83.42949676513672,71.2182388305664,65.04505157470703,77.39141082763672,22918.26658458027,4866.088018668747,10.039689539023648,8.490045611685575,0.09918190138669303,9.918190138669303,0,0,0,0
LTU,Lithuania,2007,38417999935.54752,1508699.0,9540584395.980804,5.737173827998425,6.548055652603428,7293075651.452733,,12.16,74.39947509765625,69.96357727050781,78.83537292480469,75.76469421386719,71.16255950927734,80.36682891845703,79.93146514892578,73.06493377685547,86.79798889160156,71.5979232788086,69.26018524169922,73.93566131591797,73.71710205078125,69.67339324951172,77.76080322265625,73.17315673828125,65.36306762695312,80.98324584960938,66.26972961425781,62.818336486816406,69.72112274169922,81.70841979980469,80.83878326416016,82.57804870605469,73.71659851074219,69.05471801757812,78.37848663330078,25464.32385488923,6323.716258830161,10.14503368702782,8.752062329965133,0.10534414800417125,10.534414800417125,0,0,0,0
LTU,Lithuania,2008,39416661070.63589,1511065.0,9865862931.76508,10.9258856241655,3.611220706551706,7310283086.873436,,12.3,72.64886474609375,66.33920288085938,78.95853424072266,74.01500701904297,69.15364074707031,78.87638854980469,79.9770736694336,74.5432357788086,85.41091918945312,68.05294799804688,63.76403045654297,72.34185028076172,69.15313720703125,60.476654052734375,77.82962036132812,74.18576049804688,67.29627227783203,81.07526397705078,67.90792846679688,64.69467163085938,71.12118530273438,65.36571502685547,49.43899917602539,81.29241943359375,74.77848052978516,69.38735961914062,80.16960144042969,26085.35110709062,6529.07911424398,10.169129175480556,8.784021188473302,0.024095488452736902,2.40954884527369,1,0,0,0
LTU,Lithuania,2009,33567775753.98727,1519175.0,4523165845.498013,4.453044565185352,-0.96067117365502,7214193722.980858,,12.32,71.30647277832031,63.500938415527344,79.11200714111328,71.10669708251953,64.58535766601562,77.62803649902344,78.57467651367188,71.2693862915039,85.87996673583984,63.638710021972656,57.90131759643555,69.3760986328125,68.61296844482422,59.05818557739258,78.16776275634766,73.5064697265625,65.95252990722656,81.0604019165039,67.97379302978516,63.817386627197266,72.13018798828125,64.35867309570312,47.40465545654297,81.31269836425781,74.19975280761719,66.85929107666016,81.54020690917969,22096.05592113303,2977.3830174259137,10.00315440647195,7.998800011599832,-0.16597476900860642,-16.59747690086064,1,0,0,0
LTU,Lithuania,2010,33711177146.50904,1492230.0,6082753224.280937,1.319213620554631,3.009695611691185,6986027944.58828,,12.46,72.39375305175781,66.38472747802734,78.40277099609375,73.9047622680664,72.40538787841797,75.40412902832031,80.03360748291016,75.3206558227539,84.74656677246094,67.77590942382812,69.49011993408203,66.06170654296875,69.72850799560547,59.36237335205078,80.09465026855469,74.64810943603516,66.0587158203125,83.23749542236328,68.33355712890625,62.8052978515625,73.86181640625,66.2038803100586,49.223121643066406,83.18463134765625,73.5479736328125,67.38640594482422,79.70954132080078,22591.140203929048,4076.2839671370616,10.025313082023128,8.312941060006452,0.022158675551178675,2.2158675551178675,0,1,0,0
LTU,Lithuania,2011,35842949499.08968,1480384.0,7427392697.415558,4.130275626450852,4.355090151040872,6961057247.471873,,12.57,73.38512420654297,68.06828308105469,78.70196533203125,74.21161651611328,73.12621307373047,75.29700469970703,80.52191925048828,77.31950378417969,83.72432708740234,67.90129852294922,68.93292236328125,66.86967468261719,71.92627716064453,63.09318542480469,80.75936889648438,76.78759765625,69.3083267211914,84.26685333251953,71.5596694946289,68.57857513427734,74.540771484375,67.43157196044922,51.392669677734375,83.4704818725586,74.01747131347656,67.98544311523438,80.04950714111328,24211.92710748676,5017.206817565954,10.094600646412578,8.520628646988381,0.06928756438944994,6.928756438944994,0,1,0,0
LTU,Lithuania,2012,37413912227.18652,1471758.0,6851011738.435054,3.089982770554172,1.585560093477599,7051857563.414842,,12.56,73.7173843383789,68.68387603759766,78.75089263916016,73.73590850830078,74.07308959960938,73.39872741699219,81.50977325439453,79.7547378540039,83.26483154296875,65.9620361328125,68.39144897460938,63.53261947631836,73.27777099609375,64.05644226074219,82.49909210205078,78.05084228515625,70.1489486694336,85.95274353027344,72.13646697998047,69.0210189819336,75.25189208984375,69.64601135253906,52.99937438964844,86.29264831542969,74.13848114013672,67.92207336425781,80.3548812866211,25421.239243942633,4654.9852206918895,10.143340294300351,8.445694014774203,0.048739647887773074,4.873964788777307,0,1,0,0
LTU,Lithuania,2013,38928020774.41468,1465703.0,7018222421.257491,1.04747937065344,1.660037165477544,7100879171.461326,,12.59,74.57404327392578,69.72463989257812,79.42341613769531,74.41259765625,74.31913757324219,74.50606536865234,83.56829071044922,82.55975341796875,84.57682037353516,65.25691223144531,66.07852172851562,64.435302734375,74.49139404296875,65.90789031982422,83.0749282836914,77.85822296142578,70.60810852050781,85.10832977294922,73.52903747558594,71.52720642089844,75.53086853027344,72.08695983886719,55.58838653564453,88.5855484008789,74.81807708740234,68.9468765258789,80.68927764892578,26559.28300236452,4788.297780148837,10.187134607833086,8.4739302577575,0.04379431353273411,4.379431353273411,0,0,0,0
LTU,Lithuania,2014,40396597406.97144,1478569.0,7456689483.208539,0.1037580094337085,0.7396993593986864,7120813789.567184,,12.8,75.3045425415039,69.97357940673828,80.63548278808594,74.30939483642578,72.11199188232422,76.50680541992188,85.4388427734375,83.27228546142578,87.60540008544922,63.17995834350586,60.95170593261719,65.408203125,75.6974105834961,68.10110473632812,83.29370880126953,77.65814208984375,71.06159210205078,84.25470733642578,76.51277923583984,76.36253356933594,76.66300964355469,72.92131805419922,56.87923049926758,88.96340942382812,75.90678405761719,69.7076416015625,82.10592651367188,27321.415102691484,5043.179914639451,10.215426109659964,8.525792097553664,0.028291501826878118,2.829150182687812,0,0,0,0
LTU,Lithuania,2015,41540954817.20389,1470288.0,9369656620.23984,-0.8840974055005959,2.496221163326156,7132162996.925387,,12.96,76.34186553955078,70.80552673339844,81.87818908691406,77.55770874023438,76.01155853271484,79.10384368896484,85.24581146240234,82.7970962524414,87.69452667236328,69.86959075927734,69.22602844238281,70.51315307617188,75.40704345703125,67.47600555419922,83.33808135986328,77.36381530761719,70.9217300415039,83.80590057373047,75.20291900634766,73.47090911865234,76.93495178222656,73.65438842773438,58.0353889465332,89.27339172363281,76.06082153320312,68.92900848388672,83.1926498413086,28253.617534254437,6372.667545569194,10.248976782686226,8.759773427873132,0.033550673026262245,3.3550673026262245,0,0,0,0
LTU,Lithuania,2016,42650896790.50778,1479370.0,9270594265.882477,0.905525075460342,2.740314741003302,7142799897.00781,,13.11,77.0538101196289,71.9932632446289,82.11437225341797,77.81646728515625,76.48555755615234,79.14736938476562,85.28995513916016,82.64201354980469,87.93791198730469,70.34296417236328,70.32909393310547,70.3568344116211,77.2939224243164,70.58649444580078,84.00135803222656,77.64845275878906,71.15476989746094,84.14212799072266,78.53746795654297,79.35630798339844,77.71863555908203,75.69584655761719,61.24838638305664,90.143310546875,76.05106353759766,68.90775299072266,83.19436645507812,28830.44592664971,6266.582576287526,10.269187257965125,8.742986441382378,0.02021047527889941,2.021047527889941,0,0,0,0
LTU,Lithuania,2017,44618059836.15025,1466105.0,9763252886.428753,3.722888623037074,2.897455723075381,7117935713.128903,,13.19,78.19383239746094,73.86775207519531,82.51993560791016,79.18763732910156,78.69059753417969,79.68468475341797,86.7028579711914,84.96273803710938,88.44298553466797,71.67241668701172,72.41844177246094,70.9263916015625,78.68698120117188,73.01982879638672,84.35411834716797,77.94831848144531,72.55619812011719,83.34044647216797,78.88176727294922,79.30752563476562,78.45601654052734,79.23084259033203,67.19577026367188,91.26592254638672,76.7069091796875,69.89281463623047,83.52101135253906,30433.05891198124,6659.313546048034,10.32328476074334,8.803771687058278,0.054097502778214235,5.4097502778214235,0,0,0,0
LTU,Lithuania,2018,46812540124.59277,1473979.0,10679254266.26411,2.697927792083936,2.395500850673093,7133029526.492967,,13.293333,78.61911010742188,74.45331573486328,82.78487396240234,79.29561614990234,78.22611236572266,80.36509704589844,87.11680603027344,85.64957427978516,88.58403778076172,71.47440338134766,70.80264282226562,72.14616394042969,78.47863006591797,72.81267547607422,84.1445541381836,77.37660217285156,73.60317993164062,81.1500244140625,77.8149185180664,76.37081909179688,79.2590103149414,80.24432373046875,68.4640121459961,92.0246353149414,78.08306121826172,72.3211441040039,83.84498596191406,31759.299233294892,7245.187527274208,10.365940850674793,8.888092738101546,0.04265608993145342,4.265608993145342,0,0,0,0
LTU,Lithuania,2019,49002127329.26306,1481171.0,10675869883.62977,2.334509379880265,6.230353005563567,7113113770.106248,,13.396667,78.76409149169922,74.78795623779297,82.74020385742188,79.7563247680664,78.7196273803711,80.79302978515625,87.60782623291016,86.38841247558594,88.82722473144531,71.90484619140625,71.05085754394531,72.75883483886719,78.33749389648438,73.08832550048828,83.58663177490234,77.27857208251953,73.84963989257812,80.70750427246094,78.67182159423828,77.60967254638672,79.73395538330078,79.06207275390625,67.80567932128906,90.3184814453125,78.19843292236328,72.55590057373047,83.8409652709961,33083.3693943934,7207.7227299412225,10.406785999887587,8.882908331559014,0.04084514921279414,4.084514921279414,0,0,0,0
LTU,Lithuania,2020,49023107998.60891,1494750.0,10119784251.98445,1.199894449835687,7.943449003636695,7013614873.10078,,13.5,78.62838745117188,74.3691635131836,82.88760375976562,79.67826080322266,78.68059539794922,80.67589569091797,86.53279113769531,84.2484130859375,88.81714630126953,72.82371520996094,73.11277770996094,72.53465270996094,77.82621765136719,71.50289154052734,84.14952850341797,76.0365982055664,71.79436492919922,80.27882385253906,80.51874542236328,75.35166931152344,85.68582916259766,76.92327117919922,67.36260986328125,86.48392486572266,78.3807144165039,72.92403411865234,83.83739471435547,32796.86101261676,6770.218599755443,10.398088088957763,8.820288654861459,-0.008697910929823749,-0.8697910929823749,0,0,1,0
LTU,Lithuania,2021,52150790162.91309,1485276.0,11210557247.25424,4.683544209034531,3.740642343823215,7097733702.416405,,13.610692,78.68489837646484,74.5118637084961,82.85794830322266,80.02041625976562,79.79351806640625,80.24727630615234,87.4419937133789,86.66649627685547,88.21748352050781,72.59880828857422,72.9205322265625,72.27708435058594,77.54727172851562,70.60137939453125,84.49317169189453,75.71819305419922,70.80815887451172,80.62823486328125,79.6840591430664,73.04793548583984,86.32017517089844,77.23956298828125,67.94802856445312,86.5311050415039,78.4870376586914,73.14068603515625,83.83338165283203,35111.85137503945,7547.793977182853,10.46629399847689,8.929010611095105,0.06820590951912742,6.820590951912742,0,0,1,0
LTU,Lithuania,2022,53474129886.97055,1509407.0,11669801030.5414,19.70504615183939,3.405881082093253,7124470744.054686,,13.610692,78.21992492675781,73.18405151367188,83.25579833984375,80.18367004394531,80.36346435546875,80.00387573242188,88.63074493408203,89.36919403076172,87.89228820800781,71.73660278320312,71.35774993896484,72.11546325683594,78.02741241455078,71.22023010253906,84.83460235595703,76.41287994384766,72.22645568847656,80.59930419921875,80.06104278564453,73.18079376220703,86.9412841796875,77.60833740234375,68.25345611572266,86.96321105957031,76.44869232177734,67.9684829711914,84.92890167236328,35427.243869261605,7731.3812845318735,10.475236403957602,8.953042817019337,0.008942405480711457,0.8942405480711457,0,0,0,1
LTU,Lithuania,2023,53657151896.42733,1536989.0,11157969522.84943,9.117319623904748,4.801504386247082,7140248017.359373,,13.610692,78.97311401367188,74.61520385742188,83.33101654052734,80.72200775146484,81.49073028564453,79.95328521728516,87.79459381103516,87.7123031616211,87.87688446044922,73.64942932128906,75.2691650390625,72.02969360351562,79.40022277832031,74.01435852050781,84.78609466552734,76.70378112792969,73.143310546875,80.26424407958984,80.17970275878906,73.24881744384766,87.11058807373047,81.31719970703125,75.65095520019531,86.98345184326172,76.79708862304688,68.34050750732422,85.25366973876953,34910.56337841541,7259.628743503974,10.460544737992796,8.890083969252881,-0.014691665964805978,-1.4691665964805978,0,0,0,1
LVA,Latvia,1995,11584507029.72786,1191497.0,1597598559.079152,24.97593553167493,4.351460677700258,3785356195.306247,,10.768495,50.460262298583984,45.271114349365234,55.64939498901367,59.18503952026367,44.70656967163086,73.66351318359375,62.625099182128906,57.45039749145508,67.79981231689453,55.74498748779297,31.962753295898438,79.5272216796875,52.646915435791016,51.3260612487793,53.96776580810547,45.651180267333984,45.201927185058594,46.100433349609375,56.80522537231445,63.439231872558594,50.17121887207031,55.48433303833008,45.33702087402344,65.63164520263672,39.548805236816406,39.780677795410156,39.31693649291992,9722.648927968647,1340.8330521009723,9.182213383780278,7.201046380453948,0.005370084661452168,0.5370084661452168,0,0,0,0
LVA,Latvia,1996,11850946177.85883,1177291.0,2040555979.478051,17.61046984310327,5.713492253536778,3584592056.773435,,10.909005,54.297584533691406,51.22510528564453,57.37004089355469,66.5909194946289,57.64153289794922,75.54029846191406,71.3868637084961,72.77320098876953,70.00052642822266,61.79497146606445,42.50986862182617,81.08007049560547,55.29570770263672,56.41453170776367,54.17688751220703,49.47722244262695,52.300689697265625,46.653751373291016,60.4514045715332,70.71882629394531,50.18397903442383,55.958526611328125,46.224098205566406,65.69295501708984,41.00607681274414,39.619205474853516,42.392948150634766,10066.284527664639,1733.263890981967,9.216946953146305,7.457761552203851,0.03473356936602734,3.473356936602734,0,0,0,0
LVA,Latvia,1997,12937852902.71271,1161105.0,2226871205.14783,8.447383420929608,7.47075232624449,3715363684.11406,,11.049517,55.911231994628906,51.294342041015625,60.52812194824219,69.01481628417969,60.7244873046875,77.30516052246094,71.9688949584961,72.044677734375,71.89311981201172,66.06075286865234,49.404300689697266,82.71720123291016,54.275413513183594,52.548377990722656,56.00244903564453,51.093910217285156,52.378482818603516,49.80933380126953,54.89151382446289,57.641048431396484,52.1419792175293,56.8408088684082,47.6255989074707,66.05601501464844,44.44345474243164,40.61015701293945,48.27675247192383,11142.707078785044,1917.889600981677,9.31854048923721,7.558980694340308,0.10159353609090438,10.159353609090438,0,0,0,0
LVA,Latvia,1998,13785282610.37815,1151595.0,3244454338.236085,4.644214226607828,5.325408443986058,4160218439.558591,,11.190028,57.52290344238281,52.83241653442383,62.213401794433594,69.78369903564453,61.25753402709961,78.30986785888672,72.73307037353516,72.42617797851562,73.03997039794922,66.83432006835938,50.08888626098633,83.57976531982422,57.046993255615234,56.58698654174805,57.506996154785156,52.32318115234375,53.158084869384766,51.488277435302734,58.52573776245117,63.70765686035156,53.343814849853516,60.292057037353516,52.89521026611328,67.68889617919922,45.73804473876953,40.652748107910156,50.823341369628906,11970.599568753034,2817.3570901541643,9.39020888658356,7.943554522410715,0.07166839734635033,7.166839734635033,0,0,0,0
LVA,Latvia,1999,14173807644.00211,1126521.0,3294542676.739552,2.364818361118051,4.752742114253845,4184430229.857809,,11.33054,58.53883743286133,52.464534759521484,64.61311340332031,69.71880340576172,59.92131042480469,79.51630401611328,71.53910827636719,68.4405288696289,74.63768768310547,67.89850616455078,51.402099609375,84.39492797851562,57.56055450439453,56.85715866088867,58.26395797729492,52.66516876220703,52.71547317504883,52.61486053466797,58.90819549560547,63.65334701538086,54.16304016113281,61.10832595825195,54.20269012451172,68.01395416259766,48.33711242675781,40.6151237487793,56.05910873413086,12581.92935950782,2924.5284169043916,9.440016885705361,7.980888521677859,0.04980799912180167,4.980799912180167,0,0,0,0
LVA,Latvia,2000,15001703493.70995,1094541.0,3466462213.764119,2.654254777960478,4.176965676525973,4050768321.437106,,11.47105,58.98179244995117,51.85574722290039,66.10780334472656,68.0137939453125,55.1408576965332,80.88671875,70.76493835449219,64.36502838134766,77.16486358642578,65.26264190673828,45.916690826416016,84.60858154296875,59.75385665893555,59.86752700805664,59.64018630981445,57.40422439575195,60.20948028564453,54.59897232055664,59.5269889831543,64.07726287841797,54.97671890258789,62.330345153808594,55.31581497192383,69.3448715209961,49.17768478393555,40.55887985229492,57.79649353027344,13705.93106490296,3167.0464731463867,9.525583942576938,8.060554720616762,0.08556705687157695,8.556705687157695,0,0,0,0
LVA,Latvia,2001,15970900289.34529,1093896.0,4304597909.842625,2.487040035554637,2.118215999995786,4245254836.034762,,11.635788,60.18208312988281,53.26288604736328,67.10124969482422,69.89421081542969,56.677120208740234,83.11128234863281,72.95267486572266,64.2633056640625,81.64205169677734,66.83572387695312,49.09093475341797,84.58051300048828,60.617313385009766,60.77342224121094,60.461204528808594,59.251564025878906,61.919158935546875,56.58396530151367,59.42487716674805,63.11832046508789,55.7314338684082,63.17552185058594,57.28280258178711,69.0682373046875,50.034725189208984,42.3381462097168,57.731292724609375,14600.017085120788,3935.107094132006,9.588777977909496,8.277693376270744,0.06319403533255752,6.319403533255752,0,0,0,0
LVA,Latvia,2002,17195147700.31851,1115802.0,4589286464.913676,1.938875738558863,1.730891758256381,4420614457.910933,,11.800526,61.12849426269531,55.18667221069336,67.0703353881836,68.57624053955078,57.55716323852539,79.59532165527344,73.17790985107422,63.34811019897461,83.0077133178711,63.97457504272461,51.766212463378906,76.18293762207031,64.16578674316406,66.26554870605469,62.066036224365234,58.96330261230469,60.481689453125,57.44491958618164,62.20730209350586,64.443359375,59.97124481201172,71.32677459716797,73.8716049194336,68.78193664550781,50.64348602294922,41.73731231689453,59.54965591430664,15410.572574989566,4112.993582117326,9.642809083690704,8.321906407839545,0.054031105781207955,5.4031105781207955,0,0,0,0
LVA,Latvia,2003,18644549495.6873,1096482.0,5676956200.437438,2.94264752948478,2.816103396069126,4600857046.018745,,11.965262,62.657440185546875,57.0904426574707,68.22445678710938,71.46554565429688,63.17904281616211,79.75203704833984,75.40608978271484,68.04325103759766,82.76890563964844,67.52500915527344,58.314842224121094,76.73516845703125,64.5240707397461,65.82206726074219,63.2260856628418,61.17823791503906,62.343666076660156,60.01280975341797,59.87512969970703,58.613739013671875,61.13652420043945,72.51885223388672,76.5087890625,68.52892303466797,51.98273849487305,42.27022171020508,61.69525146484375,17003.972245497236,5177.427628029861,9.741202257243595,8.552063615003016,0.0983931735528909,9.83931735528909,0,0,0,0
LVA,Latvia,2004,20271313178.69164,1097352.0,6969412320.196685,6.192385471974291,4.278491065326469,4712180021.899605,,12.13,67.02859497070312,60.427528381347656,73.62967681884766,76.97395324707031,69.26152038574219,84.6864013671875,80.54537963867188,70.87939453125,90.21136474609375,73.40254211425781,67.64363861083984,79.16143798828125,69.24839782714844,69.68974304199219,68.80705261230469,62.73320388793945,62.697845458984375,62.768558502197266,69.69308471679688,65.23921966552734,74.14694213867188,75.31893920898438,81.1322021484375,69.50566101074219,54.863433837890625,42.331302642822266,67.39557647705078,18472.935920918393,6351.118255761766,9.824062016755912,8.756386179651946,0.08285975951231705,8.285975951231705,0,0,0,0
LVA,Latvia,2005,22625890637.93034,1091799.0,7818806980.272091,6.748450278931244,4.966330751017757,4885898674.210543,,12.25,68.80760192871094,62.424163818359375,75.1910400390625,77.12615966796875,71.20840454101562,83.0439224243164,80.75728607177734,72.818603515625,88.69597625732422,73.49503326416016,69.59820556640625,77.39186096191406,72.62001037597656,72.76365661621094,72.47634887695312,68.09135437011719,69.46308135986328,66.7196273803711,71.07282257080078,67.11534881591797,75.0302963256836,78.6958236694336,81.71253204345703,75.67912292480469,56.67665100097656,43.30044174194336,70.0528564453125,20723.494560748215,7161.397821643078,9.939023338559293,8.876460467386945,0.11496132180338137,11.496132180338137,0,0,0,0
LVA,Latvia,2006,25527665150.26612,1119868.0,9778750451.72773,6.536199087658719,8.34682590505321,5176779668.745699,,12.3,70.60936737060547,64.61064910888672,76.60810089111328,78.23483276367188,73.83580017089844,82.63388061523438,78.83866882324219,72.75385284423828,84.92349243164062,77.6310043334961,74.9177474975586,80.34425354003906,73.65631866455078,73.40541076660156,73.9072265625,69.41365814208984,70.84561157226562,67.9817123413086,71.80577850341797,66.02754974365234,77.5840072631836,79.7494888305664,83.3430404663086,76.15593719482422,59.93698501586914,46.59075164794922,73.28321075439453,22795.2447522977,8732.05632425226,10.034307229694427,9.074756167975675,0.09528389113513391,9.528389113513391,0,0,0,0
LVA,Latvia,2007,28186253353.86816,1137729.0,11544970382.9134,10.09297758491685,9.22286409647281,5340736826.644918,,12.17,71.48426818847656,64.3056640625,78.66287994384766,78.95269012451172,73.29660034179688,84.60877227783203,78.94898223876953,70.53286743164062,87.36509704589844,78.9563980102539,76.06034088134766,81.85245513916016,73.86040496826172,71.70980072021484,76.0110092163086,73.7344970703125,71.7343978881836,75.7345962524414,68.644775390625,58.79005432128906,78.4994888305664,79.20195007324219,84.60494995117188,73.79894256591797,61.639705657958984,47.91057205200195,75.36883544921875,24774.136331119415,10147.381654957728,10.117555498090827,9.224970986162436,0.08324826839639954,8.324826839639954,0,0,0,0
LVA,Latvia,2008,27231101091.05873,1151245.0,9901501261.85941,15.40231910649862,4.201743995693718,5446610984.719918,,12.35,70.28025817871094,62.140174865722656,78.42033386230469,77.36913299560547,72.36917114257812,82.36911010742188,78.54871368408203,70.86492156982422,86.2325210571289,76.1895523071289,73.87339782714844,78.50569152832031,71.23347473144531,66.01671600341797,76.45023345947266,73.85858917236328,72.03094482421875,75.68624114990234,69.60138702392578,59.72422790527344,79.47854614257812,70.24044799804688,66.29498291015625,74.18589782714844,62.23818588256836,48.0346794128418,76.44168853759766,23653.61073538537,8600.68991557784,10.071271056067271,9.059597701765536,-0.04628444202355553,-4.628444202355553,1,0,0,0
LVA,Latvia,2009,22863227157.46372,1104930.0,5958356157.421238,3.534106728589345,-0.5839362072171779,4898967626.549215,,12.46,69.44883728027344,60.31941223144531,78.57826232910156,74.1938705444336,68.18099975585938,80.20674896240234,77.79222869873047,69.13079071044922,86.45365905761719,70.59551239013672,67.231201171875,73.95983123779297,70.72872924804688,64.16386413574219,77.29360961914062,73.84194946289062,71.59013366699219,76.09376525878906,68.40543365478516,56.748008728027344,80.0628662109375,69.93883514404297,64.15348815917969,75.72418212890625,63.42390823364258,48.613380432128906,78.23443603515625,20692.014116246024,5392.519125574686,9.937503113331081,8.592767924956084,-0.1337679427361902,-13.37679427361902,1,0,0,0
LVA,Latvia,2010,22026145287.9415,1058829.0,4824989258.730878,-1.084635950151549,2.023934813640801,4502279044.712497,,12.56,70.48062896728516,63.927490234375,77.03375244140625,77.17448425292969,76.31388854980469,78.03507232666016,80.4680404663086,75.61540985107422,85.32068634033203,73.88090515136719,77.0123519897461,70.74945831298828,70.95333862304688,66.60814666748047,75.29853057861328,71.70973205566406,71.39659118652344,72.02286529541016,71.7218017578125,63.177764892578125,80.26583099365234,69.42849731445312,65.25011444091797,73.60687255859375,63.31405258178711,48.86043167114258,77.7676773071289,20802.363070846663,4556.9107558735905,9.942821868411697,8.424400207107574,0.005318755080615745,0.5318755080615745,0,1,0,0
LVA,Latvia,2011,22694935010.91072,1033285.0,6737170327.421124,4.370735599392231,5.717733091058694,4577092389.414451,,12.61,71.35231018066406,65.2828598022461,77.4217300415039,78.24699401855469,77.67494201660156,78.81902313232422,81.16863250732422,78.29450225830078,84.04276275634766,75.32533264160156,77.05538940429688,73.59528350830078,72.72101593017578,69.04818725585938,76.39385986328125,73.00081634521484,72.68151092529297,73.32010650634766,73.5557632446289,66.26004028320312,80.85150146484375,71.60649108886719,68.20303344726562,75.00996398925781,63.088871002197266,49.125404357910156,77.05233764648438,21963.867675337126,6520.147226971382,9.997154003764749,8.782652235489588,0.054332135353051925,5.4332135353051925,0,1,0,0
LVA,Latvia,2012,24352854611.11884,1039646.0,7099182792.427336,2.257789243745852,3.985738940050362,4610260167.766795,,12.7,72.58528900146484,66.00367736816406,79.16690063476562,79.39755249023438,78.57420349121094,80.22088623046875,81.19915008544922,78.29878997802734,84.09952545166016,77.59593963623047,78.84962463378906,76.34225463867188,74.0361557006836,69.99066162109375,78.08164978027344,74.61894226074219,73.38780975341797,75.85006713867188,74.7278060913086,67.99815368652344,81.45745086669922,72.7617416381836,68.58605194091797,76.93742370605469,64.32215881347656,49.44614791870117,79.19816589355469,23424.17958720453,6828.4616036875395,10.06152408353512,8.828854686152907,0.0643700797703719,6.43700797703719,0,1,0,0
LVA,Latvia,2013,24863312429.90554,1019762.0,6413629676.620358,-0.02945477825782795,3.393521988047189,4677700799.310545,,12.81,73.07284545898438,66.1632080078125,79.98246002197266,79.73181915283203,77.72695922851562,81.73667907714844,81.444580078125,76.9524154663086,85.93672943115234,78.01907348632812,78.50151062011719,77.53663635253906,75.00823974609375,71.00984191894531,79.00665283203125,75.18019104003906,74.3077392578125,76.05264282226562,75.90335083007812,69.75294494628906,82.05375671386719,73.94119262695312,68.96886444091797,78.91352844238281,64.47844696044922,49.75281524658203,79.20406341552734,24381.485513193806,6289.3397445878145,10.101579332811237,8.746611375120908,0.04005524927611681,4.005524927611681,0,0,0,0
LVA,Latvia,2014,25384188823.06401,1005662.0,6095042252.465917,0.6204906367324212,3.45179531513632,4857670447.247263,,12.86,73.36170959472656,65.82106018066406,80.9023666381836,79.82290649414062,77.16226959228516,82.48353576660156,82.5965347290039,76.7450180053711,88.44805145263672,77.04928588867188,77.57952880859375,76.51902770996094,75.1192855834961,70.64204406738281,79.59651184082031,74.71295928955078,74.2530746459961,75.17285919189453,75.69132232666016,69.1329574584961,82.24967956542969,74.95356750488281,68.54013061523438,81.36699676513672,65.1429443359375,49.65884017944336,80.62704467773438,25241.27273682809,6060.726419478828,10.136235740773218,8.70958494308051,0.03465640796198066,3.465640796198066,0,0,0,0
LVA,Latvia,2015,26344565876.89022,1007753.0,6362142189.112496,0.1742422436251855,3.085432583388841,4928953321.931248,,12.87,73.8193359375,65.65788269042969,81.98077392578125,80.7053451538086,78.31436157226562,83.0963134765625,82.64287567138672,77.01232147216797,88.27342224121094,78.7677993774414,79.61639404296875,77.9192123413086,74.77562713623047,69.15335083007812,80.39789581298828,74.90167236328125,73.61407470703125,76.18927764892578,74.10646057128906,65.37040710449219,82.84251403808594,75.31873321533203,68.47557830810547,82.16190338134766,65.97702026367188,49.50593185424805,82.44811248779297,26141.887820616976,6313.195980674328,10.171294204180946,8.750397321870299,0.03505846340772756,3.505846340772756,0,0,0,0
LVA,Latvia,2016,27016796481.33211,1000347.0,6370961611.25558,0.1406333345053265,1.23693505180815,5031051807.639451,,12.93,77.4188003540039,72.60649108886719,82.23111724853516,80.42605590820312,78.01270294189453,82.83940887451172,82.58271789550781,76.38601684570312,88.77943420410156,78.2693862915039,79.63937377929688,76.8993911743164,77.1258316040039,73.17682647705078,81.0748291015625,75.51081085205078,74.15727996826172,76.86434173583984,79.1760025024414,74.85316467285156,83.49882507324219,76.69068908691406,70.52003479003906,82.86134338378906,74.70453643798828,66.62997436523438,82.77909851074219,27007.424904890115,6368.751654431492,10.203867103659277,8.759158756744347,0.03257289947833186,3.2572899478331863,0,0,0,0
LVA,Latvia,2017,27935083541.20502,995587.0,7046168199.55314,2.930363123746655,4.048800194925428,5206081904.187107,,13.055,78.22327423095703,74.21060943603516,82.23594665527344,81.44540405273438,79.87593078613281,83.0148696899414,83.63682556152344,77.98948669433594,89.28418731689453,79.25395202636719,81.76234436035156,76.74555206298828,78.03266143798828,75.151611328125,80.91370391845703,75.82132720947266,76.15194702148438,75.49072265625,77.77469635009766,71.84425354003906,83.70513153076172,80.501953125,77.45863342285156,83.54527282714844,75.19181060791016,67.60430908203125,82.77930450439453,28058.907500002533,7077.400769147387,10.242061418472348,8.864661996279837,0.03819431481307056,3.8194314813070562,0,0,0,0
LVA,Latvia,2018,29139005429.85477,994948.0,8006426882.492124,2.534454241865981,1.320769006285219,5297107451.246873,,13.18,78.76203918457031,75.29314422607422,82.23091888427734,81.03411865234375,79.10227966308594,82.9659652709961,83.896728515625,78.92097473144531,88.87248229980469,78.17151641845703,79.28358459472656,77.0594482421875,78.85595703125,77.09153747558594,80.62037658691406,74.35639190673828,76.11882781982422,72.59395599365234,80.8493423461914,77.32475280761719,84.37391662597656,81.36213684082031,77.83102416992188,84.89324951171875,76.39603424072266,69.68563842773438,83.10643005371094,29286.963167778387,8047.080734362121,10.284897752909378,8.993064662948063,0.04283633443703039,4.283633443703039,0,0,0,0
LVA,Latvia,2019,29335802338.52588,982724.0,8472045733.34681,2.81140920075624,3.371002667114827,5592261179.923825,,13.25,78.26934051513672,74.13038635253906,82.40831756591797,80.8991470336914,78.63333129882812,83.16497039794922,83.7186508178711,78.33147430419922,89.10581970214844,78.07966613769531,78.93519592285156,77.22413635253906,77.59980773925781,74.5720443725586,80.62755584716797,74.00732421875,75.19114685058594,72.82350158691406,77.81719970703125,70.52896118164062,85.10543060302734,80.97490692138672,77.99605560302734,83.95376586914062,76.30908203125,69.1857681274414,83.43241119384766,29851.517148788345,8620.981815185964,10.303990943284216,9.061954256845208,0.019093190374837476,1.9093190374837476,0,0,0,0
LVA,Latvia,2020,28318076614.16228,982835.0,7742887002.756725,0.2190649048419849,2.814135578124266,5710224590.455074,,13.329481,74.90699005126953,67.334228515625,82.47975158691406,80.70393371582031,78.32725524902344,83.0805892944336,83.0108413696289,76.93343353271484,89.0882339477539,78.39701080322266,79.72107696533203,77.07293701171875,77.02554321289062,73.12488555908203,80.92620086669922,73.75233459472656,74.7153549194336,72.78929138183594,76.22991943359375,66.67337799072266,85.78646850585938,81.0943603515625,77.98590087890625,84.20281982421875,66.99150085449219,50.550567626953125,83.43243408203125,28812.645677211618,7878.114844054928,10.268569655768275,8.971843921243195,-0.0354212875159412,-3.54212875159412,0,0,1,0
LVA,Latvia,2021,30284070900.41111,950956.0,9589305676.532738,3.275829374311651,9.779360271007445,5910551580.908979,,13.40944,75.67924499511719,68.79679870605469,82.56173706054688,81.04460144042969,79.56204223632812,82.52713775634766,83.71087646484375,78.65274047851562,88.76900482177734,78.37831115722656,80.47134399414062,76.28528594970703,78.42679595947266,75.45154571533203,81.40206909179688,74.52112579345703,75.9028091430664,73.13943481445312,78.38329315185547,70.35200500488281,86.4145736694336,82.37600708007812,80.09981536865234,84.65220642089844,67.56641387939453,51.3768310546875,83.75599670410156,31845.922314398467,10083.858429341355,10.368664624998665,9.218691249072148,0.10009496923039052,10.009496923039052,0,0,1,0
LVA,Latvia,2022,30862052747.75955,962817.0,8963284557.081964,17.31028301988148,3.203378917897707,6078771487.33398,,13.40944,75.49090576171875,68.28018951416016,82.70162200927734,81.49366760253906,80.82905578613281,82.15827941894531,84.45072937011719,80.46006774902344,88.4413833618164,78.53661346435547,81.19805908203125,75.87517547607422,78.55487060546875,75.64958953857422,81.46017456054688,74.86531066894531,76.61920166015625,73.11141967773438,78.37788391113281,70.14955139160156,86.6062240600586,82.42145538330078,80.1800308227539,84.66287231445312,66.4241714477539,48.36193084716797,84.48641967773438,32053.913410086807,9309.437366687505,10.375174558173658,9.138783935221268,0.00650993317499271,0.650993317499271,0,0,0,1
LVA,Latvia,2023,30571453786.1231,968514.0,9098736530.953535,8.9380462331663,3.948307793618708,6504250819.169526,,13.40944,75.74237060546875,68.69332885742188,82.79139709472656,81.9543685913086,81.78449249267578,82.12422943115234,84.44319915771484,80.46023559570312,88.42616271972656,79.46553039550781,83.10874938964844,75.82231140136719,78.87066650390625,75.97687530517578,81.76445770263672,75.2142562866211,76.99896240234375,73.42955017089844,78.65637969970703,70.54328155517578,86.76947784423828,82.7413558959961,80.38839721679688,85.09432220458984,66.40206146240234,48.31862258911133,84.48550415039062,31565.31943381624,9394.532790391811,10.359814310624312,9.147883181009284,-0.015360247549345729,-1.536024754934573,0,0,0,1
POL,Poland,1995,218906804615.9969,17478907.0,33915877437.32591,27.95138856330397,2.561633806992878,47234168987.92944,30.85475242579703,10.606248,61.45176696777344,56.953495025634766,65.95002746582031,43.80375289916992,33.03631591796875,54.571189880371094,45.32063674926758,33.76800537109375,56.873268127441406,42.286869049072266,32.30462646484375,52.26911926269531,52.711669921875,49.51038360595703,55.91295623779297,36.25169372558594,28.36128044128418,44.1421012878418,53.42720031738281,57.64838409423828,49.206016540527344,68.45611572265625,62.521484375,74.3907470703125,87.83984375,88.31377410888672,87.36592864990234,12524.05568700588,1940.3889177581818,9.43540652885975,7.57064370503656,0.08574215283741182,8.574215283741182,0,0,0,0
POL,Poland,1996,232246717071.2298,17446425.0,39914657116.32844,19.79496691967066,2.798280777179127,48487783525.66654,32.34502190198539,10.733565,60.894508361816406,56.01276397705078,65.77625274658203,40.04423522949219,30.57879066467285,49.509674072265625,45.40092468261719,31.21354103088379,59.58830642700195,34.68754196166992,29.94404411315918,39.4310417175293,53.833473205566406,49.94895553588867,57.717994689941406,37.13119125366211,28.9472599029541,45.315120697021484,55.01447296142578,57.60181427001953,52.427127838134766,69.35478210449219,63.29782485961914,75.41173553466797,88.8058090209961,87.5105209350586,90.1010971069336,13311.994696405125,2287.841613185993,9.496420764653843,7.735364125097405,0.06101423579409371,6.101423579409371,0,0,0,0
POL,Poland,1997,247015068311.4473,17333653.0,46547048680.19633,14.91315861495998,3.070785068438548,49864597426.71443,34.51695272333357,10.860884,62.136566162109375,57.45256805419922,66.820556640625,41.621707916259766,31.663593292236328,51.579833984375,46.48217010498047,32.41434097290039,60.55000305175781,36.76125717163086,30.912845611572266,42.60966491699219,55.27168273925781,53.1580924987793,57.385276794433594,37.546268463134766,27.871253967285156,47.22127914428711,59.410850524902344,65.16594696044922,53.655757904052734,68.85791015625,66.43704986572266,71.27877807617188,89.51629638671875,87.53602600097656,91.49656677246094,14250.606511590333,2685.357130444248,9.564554747007916,7.895569007574432,0.0681339823540732,6.81339823540732,0,0,0,0
POL,Poland,1998,258431144714.1532,17356075.0,52236556572.48973,11.59785542572359,3.641554854426307,50855630720.25468,37.18999712070075,10.988202,63.564666748046875,58.7663688659668,68.36299133300781,44.97271728515625,34.85272216796875,55.092716217041016,48.95233154296875,33.18970489501953,64.7149658203125,40.99310302734375,36.515743255615234,45.470462799072266,56.375999450683594,53.88602828979492,58.865970611572266,39.02873611450195,29.47202491760254,48.58544921875,61.384403228759766,65.40930938720703,57.3595085144043,68.71485900878906,66.7767333984375,70.65296173095703,89.34532165527344,87.56037139892578,91.1302719116211,14889.953213163299,3009.698711977779,9.608441983508127,8.009595257044568,0.0438872365002112,4.38872365002112,0,0,0,0
POL,Poland,1999,270575301764.1599,17324365.0,55679426979.70554,7.15407291179853,4.339078379156619,52502480435.07098,40.00736377275352,11.11552,64.38677215576172,58.45403289794922,70.31950378417969,46.08235168457031,34.069210052490234,58.095489501953125,49.66017532348633,31.50209617614746,67.81824493408203,42.5045280456543,36.63632583618164,48.37273406982422,57.182899475097656,53.719703674316406,60.64610290527344,39.83059310913086,28.56159782409668,51.099586486816406,62.128658294677734,66.00833892822266,58.24897766113281,69.5894546508789,66.58917999267578,72.58972930908203,89.89503479003906,87.57316589355469,92.21692657470703,15618.194477209405,3213.9375370875377,9.656191826265045,8.075252111474981,0.04774984275691807,4.774984275691807,0,0,0,0
POL,Poland,2000,283174187558.0318,17100972.0,56382729805.01393,9.900175388430652,5.397403661052937,56637113675.5538,40.2095026028744,11.242838,66.23114013671875,61.183597564697266,71.27864837646484,50.26051712036133,40.24937057495117,60.27165603637695,54.06982421875,37.77729034423828,70.36237335205078,46.451194763183594,42.72145080566406,50.18093490600586,58.348514556884766,55.71097946166992,60.98604965209961,41.766441345214844,29.723569869995117,53.80931091308594,62.74580764770508,70.21443176269531,55.27718734741211,70.53329467773438,67.19493865966797,73.87164306640625,90.08434295654297,87.59044647216797,92.57823944091797,16558.952763505597,3297.0482499482446,9.714682187020841,8.100782877465177,0.058490360755795834,5.849036075579583,0,0,0,0
POL,Poland,2001,286667833930.2296,17478771.0,48856400053.05744,5.408335455661495,2.959496030204825,58792678074.01514,44.11138451939055,11.346419,66.41188049316406,61.069427490234375,71.75431060791016,49.301387786865234,38.70793151855469,59.894840240478516,52.003604888916016,34.69443130493164,69.31278228759766,46.59916305541992,42.7214241027832,50.476898193359375,58.97608184814453,55.896690368652344,62.055458068847656,42.287227630615234,30.155778884887695,54.41868209838867,63.55437088012695,70.87882232666016,56.229915618896484,71.08663940429688,66.65548706054688,75.5177993774414,90.95817565917969,88.60367584228516,93.31266021728516,16400.91479716907,2795.1850878449886,9.705092392571814,7.935653604450345,-0.009589794449027522,-0.9589794449027522,0,0,0,0
POL,Poland,2002,292117946677.2783,17337681.0,45690462926.11753,1.905282150480542,2.04862965818155,60000689746.65076,41.66759094702734,11.45,68.50990295410156,61.43642807006836,75.58335876464844,54.610382080078125,39.3796501159668,69.84111785888672,53.34743118286133,36.74303436279297,69.95182800292969,55.873329162597656,42.016258239746094,69.73040771484375,60.48125457763672,57.34776306152344,63.61476516723633,43.04568099975586,30.51083755493164,55.58052444458008,65.53878784179688,73.00164031982422,58.0759391784668,72.85931396484375,68.53080749511719,77.18782806396484,90.43802642822266,87.58184814453125,93.2942123413086,16848.732346458462,2635.3272347159655,9.732030701286279,7.876762641012797,0.02693830871446501,2.693830871446501,0,0,0,0
POL,Poland,2003,302410346199.7614,17315310.0,47855365433.08131,0.6827013757876321,2.457434970664741,62104602732.45789,42.08463190043305,11.57,69.68683624267578,63.790985107421875,75.58270263671875,56.951053619384766,44.58342361450195,69.31867980957031,58.778602600097656,41.0082893371582,76.54890441894531,55.123512268066406,48.158565521240234,62.08845901489258,60.94626998901367,57.76042175292969,64.13211822509766,43.68818283081055,31.091800689697266,56.284568786621094,65.08967590332031,72.24443054199219,57.93492126464844,74.06094360351562,69.94502258300781,78.1768798828125,91.16321563720703,89.02912902832031,93.29729461669922,17464.91089098384,2763.7602464571128,9.76794905507984,7.924347439611952,0.03591835379356034,3.5918353793560343,0,0,0,0
POL,Poland,2004,317805438387.0541,17306665.0,55850988194.72079,3.382646818846991,5.411508457025686,64495370738.82479,39.60893550785789,11.69,73.80043029785156,67.33967590332031,80.26119232177734,66.01393127441406,53.42960739135742,78.59825134277344,66.57706451416016,45.52852249145508,87.6256103515625,65.45079040527344,61.330692291259766,69.57089233398438,64.72872924804688,59.84675216674805,69.6107177734375,45.41816711425781,32.530479431152344,58.305850982666016,71.39253234863281,76.24771118164062,66.53734588623047,77.37553405761719,70.76210021972656,83.98896026611328,90.65863037109375,88.74266052246094,92.57461547851562,18363.18195256302,3227.1375331250006,9.818102958121345,8.079350810643312,0.050153903041506354,5.015390304150635,0,0,0,0
POL,Poland,2005,328168510412.5217,17466080.0,57426183844.01115,2.183798723902509,3.596417955527725,66733465976.92002,43.00050438289608,11.809999,73.1994857788086,67.5533218383789,78.84564208984375,62.03843307495117,51.99375915527344,72.0831069946289,64.26111602783203,45.05719757080078,83.46504211425781,59.81574630737305,58.930320739746094,60.701168060302734,66.03585052490234,60.532718658447266,71.53897094726562,48.60621643066406,34.5014533996582,62.71097946166992,71.51850128173828,75.49697875976562,67.5400161743164,77.98280334472656,71.59970092773438,84.36590576171875,91.524169921875,90.13348388671875,92.91485595703125,18788.904574611002,3287.869049266415,9.841021792390428,8.097994928517513,0.02291883426908292,2.291883426908292,0,0,0,0
POL,Poland,2006,348521872927.4442,17355521.0,66940814431.62224,1.284693943664164,6.207906065820427,70432073219.25986,46.14491673459881,11.93,74.0203628540039,68.39301300048828,79.64773559570312,64.2367172241211,56.30514144897461,72.16829681396484,64.7452621459961,49.307701110839844,80.18282318115234,63.728172302246094,63.302581787109375,64.15376281738281,65.74807739257812,58.360164642333984,73.135986328125,51.26255798339844,36.42723083496094,66.09789276123047,66.61786651611328,64.7550277709961,68.48070526123047,79.36377716064453,73.8982162475586,84.82933807373047,92.07635498046875,90.51374816894531,93.63894653320312,20081.325874771734,3857.032838808022,9.907545601245912,8.257653472252363,0.06652380885548403,6.6523808855484035,0,0,0,0
POL,Poland,2007,372083512402.1755,17361678.0,83441994959.54372,2.458743123853899,5.825021770932294,72654038997.21451,47.21791110027493,12.05,75.11233520507812,69.8055191040039,80.41913604736328,66.84741973876953,59.31288528442383,74.38194274902344,67.11878204345703,52.65823745727539,81.57931518554688,66.5760498046875,65.967529296875,67.18457794189453,65.77113342285156,58.66679000854492,72.8754653930664,51.65248107910156,38.40946960449219,64.89550018310547,65.36399841308594,61.674781799316406,69.05321502685547,80.2968978881836,75.91609954833984,84.67769622802734,92.71842956542969,91.43685913085938,94.00000762939453,21431.310522069092,4806.101976983084,9.972608240217467,8.477641634752759,0.06506263897155407,6.5062638971554065,0,0,0,0
POL,Poland,2008,388394800371.4022,17601086.0,85475712959.27843,4.164971935247787,2.720999373691801,75856081708.4494,51.62896702543902,12.17,73.14166259765625,65.06930541992188,81.21403503417969,65.30184173583984,54.458343505859375,76.1453628540039,66.52986907958984,52.19174575805664,80.86799621582031,64.07383728027344,56.72493362426758,71.42272186279297,61.03553009033203,48.93585205078125,73.13520812988281,52.77824783325195,40.17085647583008,65.38563537597656,66.77357482910156,63.837528228759766,69.70963287353516,63.55475997924805,42.799171447753906,84.31034088134766,93.08763122558594,91.8137435913086,94.36151885986328,22066.52477985746,4856.274945720874,10.001817023320493,8.488026950930744,0.029208783103026548,2.9208783103026548,1,0,0,0
POL,Poland,2009,398551823849.317,17886033.0,75053322721.8464,3.795392424833992,3.181054949536362,78317920148.56082,52.35584206378976,12.34,73.28500366210938,65.48703002929688,81.08301544189453,65.25181579589844,56.40830612182617,74.0953140258789,65.6246109008789,49.227088928222656,82.02213287353516,64.8790054321289,63.58951950073242,66.16849517822266,61.46881866455078,48.50749969482422,74.43014526367188,54.60211181640625,41.00148391723633,68.2027359008789,67.6592788696289,64.53517150878906,70.78338623046875,62.14509582519531,39.98587417602539,84.30431365966797,93.13441467285156,91.5452880859375,94.72354125976562,22282.851868232436,4196.197263073729,10.011572687116923,8.341933980583155,0.009755663796429559,0.9755663796429559,1,0,0,0
POL,Poland,2010,411181642127.6033,18144753.0,79206022018.8354,2.580693702505478,3.94489462074706,80487756996.9492,54.35771511809385,12.31,72.99881744384766,65.26626586914062,80.73133850097656,66.1471176147461,59.678531646728516,72.61569213867188,68.34595489501953,54.02530288696289,82.66661071777344,63.94826126098633,65.33174133300781,62.564788818359375,62.80585861206055,50.00429916381836,75.6073989868164,55.37361145019531,40.86550521850586,69.8817138671875,68.14434051513672,64.7972640991211,71.49141693115234,64.89959716796875,44.35014343261719,85.44904327392578,90.04346466064453,86.1159896850586,93.97093963623047,22661.18707306753,4365.23010364679,10.028408919488239,8.381426182496378,0.016836232371316484,1.6836232371316484,0,1,0,0
POL,Poland,2011,432791139408.4097,18210344.0,90754874651.81061,4.239401496259321,3.571289577124369,79055763363.84135,56.3641072039439,12.55,73.3399887084961,65.67464447021484,81.0053482055664,66.03517150878906,59.44379806518555,72.62652587890625,68.69754028320312,56.011070251464844,81.38400268554688,63.37278366088867,62.87652587890625,63.86904525756836,64.20689392089844,51.63312530517578,76.78067016601562,56.29830551147461,42.22096252441406,70.37564086914062,69.14168548583984,66.536376953125,71.74699401855469,67.18070220947266,46.14204788208008,88.2193603515625,89.77791595458984,85.94698333740234,93.60884857177734,23766.22536116889,4983.69908068791,10.076020749308123,8.513927681575481,0.047611829819883766,4.761182981988377,0,1,0,0
POL,Poland,2012,439333996551.2668,18334357.0,86674651810.58498,3.560371517027928,1.528860914216251,78809364637.21979,56.79867738598804,12.78,74.43596649169922,66.99346160888672,81.87845611572266,67.98460388183594,62.72234344482422,73.24687194824219,69.82158660888672,58.2161979675293,81.42699432373047,66.14761352539062,67.22848510742188,65.06674194335938,65.66556549072266,52.18649673461914,79.14463806152344,58.11688232421875,42.45600891113281,73.77775573730469,69.63091278076172,67.24227905273438,72.01953125,69.24891662597656,46.861209869384766,91.63661193847656,89.65771484375,86.0715560913086,93.24386596679688,23962.334569533406,4727.444317277392,10.084238483606894,8.461140021992044,0.008217734298771262,0.8217734298771262,0,1,0,0
POL,Poland,2013,442340098156.2542,18319899.0,82456744926.38283,0.991982606332335,0.2589834466175918,80753813503.11713,59.77055358268082,12.78,74.76154327392578,66.96748352050781,82.55558013916016,68.69454956054688,63.15210723876953,74.23698425292969,70.71614837646484,59.48770523071289,81.94457244873047,66.6729507446289,66.8165054321289,66.5293960571289,65.82172393798828,51.81887435913086,79.8246078491211,59.15079116821289,42.92770767211914,75.37387084960938,68.68296813964844,65.08810424804688,72.27783203125,69.63145446777344,47.440826416015625,91.82209014892578,89.76832580566406,85.93148040771484,93.60514831542969,24145.334980081177,4500.938838493751,10.091846471894616,8.412041284774427,0.007607988287722023,0.7607988287722023,0,0,0,0
POL,Poland,2014,459682079851.4392,18420604.0,94692346465.04843,0.05382131323998021,3.85089176515991,83945801830.48149,61.92417779363051,12.84,75.53472900390625,67.3079605102539,83.76148223876953,69.9986343383789,62.173301696777344,77.82395935058594,72.70209503173828,59.657798767089844,85.74639129638672,67.295166015625,64.68880462646484,69.90152740478516,67.02141571044922,53.458648681640625,80.58417510986328,60.626365661621094,45.294803619384766,75.95794677734375,69.67261505126953,65.956787109375,73.38843536376953,70.76526641845703,49.1243896484375,92.40614318847656,89.5841064453125,86.29193878173828,92.87628936767578,24954.777804866724,5140.56686007953,10.12482057803184,8.544918636430536,0.032974106137224624,3.2974106137224624,0,0,0,0
POL,Poland,2015,480054118583.3665,18407499.0,99859397798.11647,-0.8741258741258624,3.295461779743629,85953840031.83446,63.82681132029594,12.92,76.14747619628906,67.95936584472656,84.3355712890625,70.71644592285156,62.87724304199219,78.55563354492188,73.03524780273438,60.25642395019531,85.81407165527344,68.39762878417969,65.49806213378906,71.29719543457031,67.55680847167969,54.62639617919922,80.48722076416016,60.61384963989258,45.91901779174805,75.30867767333984,70.14692687988281,66.6561279296875,73.63774108886719,71.90962982177734,51.30403518676758,92.51524353027344,90.16914367675781,86.37444305419922,93.96385955810547,26079.26902961486,5424.930230778036,10.168895987642232,8.598760317639885,0.04407540961039125,4.407540961039125,0,0,0,0
POL,Poland,2016,494605411858.3367,18466235.0,98455259318.21198,-0.664767331433962,3.816087536678064,87633638413.5827,67.81897789877597,13.0,76.55449676513672,68.87837219238281,84.23063659667969,71.40898895263672,64.81970977783203,77.9982681274414,74.2784423828125,62.51227951049805,86.04460906982422,68.53953552246094,67.12714385986328,69.9519271850586,67.98963165283203,55.24885940551758,80.73040008544922,59.880638122558594,44.632041931152344,75.12923431396484,73.53656005859375,66.60673522949219,80.46638488769531,70.55170440673828,54.50779724121094,86.5956039428711,90.26488494873047,86.56653594970703,93.96321868896484,26784.31265812098,5331.636866866038,10.195571646538012,8.581413574490643,0.02667565889577972,2.667565889577972,0,0,0,0
POL,Poland,2017,520089746650.7495,18534927.0,104126966441.1726,2.075935536738593,2.378128365720294,90043109165.67184,66.32337357699882,13.04,77.0285415649414,69.8846664428711,84.17240142822266,71.98454284667969,66.08341979980469,77.88565826416016,75.24555969238281,64.50767517089844,85.98345947265625,68.7235107421875,67.6591567993164,69.7878646850586,68.93701934814453,57.20550537109375,80.66853332519531,59.792327880859375,45.47511291503906,74.10955047607422,73.92802429199219,66.78495788574219,81.07108306884766,73.0906982421875,59.35643768310547,86.82496643066406,90.16407012939453,86.36508178710938,93.96305847167969,28059.98354623946,5617.878421704742,10.242099767278498,8.63370936658003,0.0465281207404864,4.65281207404864,0,0,0,0
POL,Poland,2018,552573816155.9889,18503688.0,119436476986.3377,1.812951565426885,3.348039236625274,93198620506.6985,67.31946133032096,13.08,76.61056518554688,69.58108520507812,83.63999938964844,71.44078063964844,64.75605010986328,78.1255111694336,75.78580474853516,65.4774169921875,86.09419250488281,67.09575653076172,64.03468322753906,70.15682983398438,68.21778869628906,57.603458404541016,78.83211517333984,59.21635055541992,46.11779022216797,72.31491088867188,74.34703063964844,66.97611236572266,81.71793365478516,71.08998107910156,59.71647262573242,82.4635009765625,90.17306518554688,86.38372802734375,93.96240234375,29862.901717538087,6454.739022098606,10.304372243784291,8.772569872114632,0.06227247650579315,6.227247650579315,0,0,0,0
POL,Poland,2019,577884228677.5436,18454120.0,121436079055.5777,2.227478809382914,3.154556492442076,99252686032.63033,67.64343244758159,13.12,76.7723159790039,69.75386810302734,83.79077911376953,71.32630920410156,64.31888580322266,78.33373260498047,75.84845733642578,65.39601135253906,86.3009033203125,66.80416107177734,63.24176025390625,70.3665771484375,68.08294677734375,57.08900451660156,79.0768814086914,59.191898345947266,45.707454681396484,72.67633819580078,74.56947326660156,66.71559143066406,82.42334747314453,70.48748779296875,58.84400177001953,82.1309814453125,90.90770721435547,87.85372161865234,93.9616928100586,31314.645655146036,6580.431852376472,10.351841179396404,8.791855653225992,0.04746893561211252,4.746893561211252,0,0,0,0
POL,Poland,2020,566120997479.772,18197725.0,111657806075.0763,3.37446972618589,3.314990594954618,104062528186.7622,77.12425658372794,13.16,76.63887023925781,69.94697570800781,83.33074951171875,70.99080657958984,63.74349594116211,78.23810577392578,75.13243865966797,64.00506591796875,86.25979614257812,66.84917449951172,63.481929779052734,70.21640014648438,66.91043090820312,56.027523040771484,77.7933349609375,58.87945556640625,45.321571350097656,72.43733978271484,74.31126403808594,65.54212188720703,83.0804214477539,67.54054260253906,57.218841552734375,77.86224365234375,92.015380859375,90.06995391845703,93.96080017089844,31109.43799182436,6135.811266247638,10.345266524534816,8.721897584139823,-0.006574654861587703,-0.6574654861587703,0,0,1,0
POL,Poland,2021,605337233054.782,18351011.0,133356148030.2427,5.055027047192721,5.443067377385778,109236132113.0124,74.57458487975659,13.208543,77.16348266601562,70.71028900146484,83.61669158935547,71.62295532226562,64.83183288574219,78.41404724121094,77.30084991455078,67.81639862060547,86.7853012084961,65.94503021240234,61.847259521484375,70.04280853271484,67.77692413330078,57.07851028442383,78.47533416748047,59.726806640625,45.844810485839844,73.60880279541016,75.13414001464844,66.57901000976562,83.68925476074219,68.4698257446289,58.81169891357422,78.1279525756836,92.0905990600586,90.22051239013672,93.96068572998047,32986.587662923965,7266.9646391821525,10.403856323374898,8.891093964660412,0.05858979884008164,5.858979884008164,0,0,1,0
POL,Poland,2022,637150470884.7329,18378935.0,143607454569.5716,14.42945075757577,6.006260966034281,109863403634.4343,67.3674637599368,13.208543,77.21105194091797,70.4926528930664,83.92945861816406,73.07118225097656,67.50528717041016,78.63707733154297,79.79439544677734,72.26374816894531,87.32502746582031,66.34797668457031,62.7468376159668,69.9491195678711,68.35428619384766,57.883323669433594,78.82527923583984,60.328556060791016,46.714088439941406,73.9430160522461,75.28924560546875,66.71562957763672,83.86285400390625,69.44511413574219,60.220272064208984,78.66996002197266,90.20767211914062,86.08934783935547,94.32601165771484,34667.431539680234,7813.6983764060105,10.453555952856624,8.96363367446125,0.04969962948172579,4.969962948172579,0,0,0,1
POL,Poland,2023,638740867489.057,18449404.0,119837299376.5751,11.52891279611048,4.38918673390545,114860724233.9833,66.38632800765035,13.208543,77.70082092285156,71.40179443359375,83.99983978271484,72.80735778808594,67.00361633300781,78.61109161376953,78.8184814453125,70.33012390136719,87.30683898925781,66.79623413085938,63.67710494995117,69.91535186767578,69.90345001220703,60.744590759277344,79.06232452392578,60.47037124633789,46.9073600769043,74.03337860107422,75.55618286132812,67.10227966308594,84.01009368896484,73.68379974365234,68.22412109375,79.14347076416016,90.39163208007812,86.45716857910156,94.32608795166016,34621.21960628414,6495.456404801755,10.45222205648301,8.778858196813196,-0.0013338963736142517,-0.13338963736142517,0,0,0,1
ROU,Romania,1995,103718335742.5529,9085797.0,18949576375.98856,32.2424847257597,1.119418074790424,22940092505.29091,28.98575670774972,8.9869995,57.9074592590332,52.79277801513672,63.022125244140625,42.4575309753418,28.689498901367188,56.22555923461914,48.216468811035156,40.28153610229492,56.15140151977539,36.69859313964844,17.09745979309082,56.29972457885742,48.66229248046875,45.230735778808594,52.09385681152344,39.294681549072266,34.43580627441406,44.15355682373047,44.486228942871094,49.488250732421875,39.48420715332031,62.20596694946289,51.76813888549805,72.643798828125,82.60253143310547,84.45809173583984,80.74697875976562,11415.43617390449,2085.6262115462805,9.34272176882561,7.642824430408691,0.060785801622358804,6.07858016223588,0,0,0,0
ROU,Romania,1996,107771339314.1711,9095962.0,18824655453.35384,38.82930133828518,0.7120217427575367,22979429617.332,32.84377003257901,9.0859995,59.747066497802734,54.48207092285156,65.01204681396484,44.90175247192383,29.452695846557617,60.350807189941406,47.50298309326172,43.392276763916016,51.613677978515625,42.30052947998047,15.513115882873535,69.08793640136719,50.287288665771484,47.438114166259766,53.13646697998047,39.82331085205078,35.08911895751953,44.55750274658203,47.682003021240234,52.51731491088867,42.84668731689453,63.3565788269043,54.70792770385742,72.00523376464844,84.05213928222656,86.55538940429688,81.54888153076172,11848.261823671988,2069.561796031452,9.37993645425782,7.635092171110915,0.037214685432209293,3.7214685432209293,0,0,0,0
ROU,Romania,1997,102545439457.2761,9173262.0,17719482391.44638,154.763480436309,3.415299194905118,23978602196.78963,31.30415174842451,9.185,61.819976806640625,56.79350280761719,66.846435546875,49.2525749206543,36.618717193603516,61.886451721191406,49.50070571899414,44.62175369262695,54.37965393066406,49.00446319580078,28.61568260192871,69.39324188232422,51.93754959106445,48.27892303466797,55.59618377685547,40.73463439941406,36.09355163574219,45.37571334838867,49.16727828979492,53.56399154663086,44.770565032958984,65.91073608398438,55.17921829223633,76.64225006103516,84.269775390625,85.48285675048828,83.05669403076172,11178.732217315508,1931.6446419437689,9.32176834290126,7.566127065113442,-0.05816811135655975,-5.816811135655975,0,0,0,0
ROU,Romania,1998,100463958892.9479,9229127.0,16898003791.24752,59.09658275411668,4.870960092088943,22275285378.18248,33.16374700400187,9.284,61.529720306396484,55.0706901550293,67.9887466430664,47.38042449951172,32.10398483276367,62.6568717956543,45.02764892578125,34.310001373291016,55.74530029296875,49.73319625854492,29.897968292236328,69.56843566894531,53.05684280395508,48.98810958862305,57.12557601928711,41.20104217529297,35.091400146484375,47.31068420410156,51.81869888305664,54.963924407958984,48.67347717285156,66.15078735351562,56.90899658203125,75.39256286621094,84.15190124511719,84.11997985839844,84.1838150024414,10885.53217362248,1830.942817370215,9.295189863022232,7.512586313913878,-0.02657847987902784,-2.657847987902784,0,0,0,0
ROU,Romania,1999,100085550636.3483,9281167.0,14728098757.23766,45.80378113263625,2.895434209380624,26458876646.27891,33.48430153247809,9.383,61.83650588989258,54.553958892822266,69.11904907226562,49.10830307006836,34.32789993286133,63.888702392578125,47.84554672241211,37.93103790283203,57.76005935668945,50.37104797363281,30.724754333496094,70.0173568725586,52.01244354248047,46.49284362792969,57.53205871582031,41.57904052734375,35.01530456542969,48.14277648925781,48.82335662841797,47.265602111816406,50.3811149597168,65.63494873046875,57.197635650634766,74.07227325439453,84.38875579833984,82.84113311767578,85.93638610839844,10783.72478766391,1586.8800504546098,9.285793312394677,7.369525135095618,-0.009396550627554845,-0.9396550627554845,0,0,0,0
ROU,Romania,2000,102548919722.1268,9326339.0,18519505107.9866,45.66659404402382,2.783613171746848,26007840895.71696,32.13879522362813,9.482,64.31719970703125,56.783512115478516,71.85087585449219,52.7393684387207,40.459869384765625,65.01886749267578,52.98657989501953,45.84290313720703,60.13027572631836,52.492149353027344,35.07683563232422,69.90745544433594,55.083274841308594,47.34770584106445,62.81885528564453,43.47756576538086,36.57086944580078,50.38426208496094,56.73954772949219,49.19013595581055,64.2889633178711,65.03272247314453,56.28212356567383,73.7833251953125,85.12894439697266,82.54298400878906,87.71491241455078,10995.624298251092,1985.7207751065664,9.30525268157257,7.5937372380974075,0.019459369177893038,1.9459369177893038,0,0,0,0
ROU,Romania,2001,107900062083.0393,9226282.0,21697793328.73275,34.47701234935274,2.864207602090102,25013436451.05219,26.13131711522309,9.581,64.89407348632812,58.27968978881836,71.50845336914062,54.03085708618164,41.957000732421875,66.1047134399414,53.926971435546875,45.85080337524414,62.00313949584961,54.13473892211914,38.063194274902344,70.2062759399414,54.68100357055664,50.04908752441406,59.31291961669922,42.56923294067383,37.83911895751953,47.29935073852539,56.63863754272461,55.0935173034668,58.18376541137695,64.83515167236328,57.214630126953125,72.45567321777344,85.97038269042969,82.83301544189453,89.10774993896484,11694.85845793997,2351.7374960718466,9.366904576160941,7.7629096939768,0.06165189458837084,6.165189458837084,0,0,0,0
ROU,Romania,2002,114053593614.4521,9095455.0,22214511690.53997,22.53988626053857,2.483420201416549,24380714897.65403,29.53277954180526,9.68,65.77777862548828,59.24436950683594,72.31117248535156,51.985755920410156,40.97623825073242,62.99527359008789,54.032440185546875,45.66358184814453,62.401302337646484,49.93907165527344,36.28889846801758,63.5892448425293,58.4842414855957,52.49359130859375,64.47489929199219,46.76103210449219,38.28121566772461,55.2408561706543,61.65298080444336,57.2934684753418,66.01249694824219,67.03872680664062,61.906089782714844,72.1713638305664,86.86331939697266,84.26325988769531,89.46337890625,12539.624858179399,2442.3749763524715,9.436648898123753,7.80072619585249,0.069744321962812,6.9744321962811995,0,0,0,0
ROU,Romania,2003,116723756275.208,9095150.0,24113205686.0608,15.27348899362548,3.189959080355319,21361144535.86416,28.36958986565067,9.862,66.234130859375,59.684757232666016,72.78350830078125,52.30766677856445,41.415802001953125,63.199520111083984,55.07715606689453,46.89589309692383,63.25840759277344,49.538177490234375,35.93571853637695,63.14063262939453,59.12366485595703,53.297325134277344,64.95000457763672,48.43594741821289,39.037113189697266,57.83478927612305,60.67741394042969,56.53291320800781,64.82191467285156,68.25762176513672,64.32193756103516,72.19331359863281,87.27106475830078,84.34114074707031,90.20098114013672,12833.626303602248,2651.2158332804624,9.459824060199315,7.882773618772926,0.023175162075562028,2.317516207556203,0,0,0,0
ROU,Romania,2004,128895841498.5556,9073058.0,28222289150.61605,11.87436359363988,8.593685129611837,21588524963.7986,33.02558610280917,10.044001,68.10992431640625,62.403018951416016,73.81681823730469,55.94879913330078,47.88135528564453,64.0162582397461,54.53374099731445,47.893951416015625,61.17353820800781,57.36386489868164,47.86874771118164,66.85897827148438,60.5845947265625,55.3807258605957,65.78845977783203,49.84333801269531,41.23397445678711,58.45270538330078,60.59329605102539,55.73485565185547,65.45173645019531,71.3171615600586,69.17337036132812,73.46094512939453,87.79635620117188,83.94697570800781,91.64574432373047,14206.438611828074,3110.5597639314165,9.561450564192214,8.042557977379696,0.10162650399289852,10.162650399289852,0,0,0,0
ROU,Romania,2005,134912890211.0954,9050515.0,28512225323.93444,9.014912833438348,6.600671757762969,23138516447.97289,33.81639527591499,10.226,71.23751831054688,64.90104675292969,77.573974609375,63.40517044067383,53.569950103759766,73.24040222167969,66.45189666748047,59.39701461791992,73.50679016113281,60.35844039916992,47.74287796020508,72.97400665283203,61.98113250732422,56.474544525146484,67.48771667480469,52.349693298339844,43.13800048828125,61.5613899230957,60.12043380737305,53.533897399902344,66.70697784423828,73.47325897216797,72.75171661376953,74.1948013305664,88.32622528076172,84.65866088867188,91.9937973022461,14906.65340161255,3150.34286158682,9.609562929286541,8.055266570844694,0.048112365094327814,4.811236509432781,0,0,0,0
ROU,Romania,2006,145744791283.3043,9025831.0,37925463300.22112,6.558514122769834,9.020060525355165,22571952764.82564,32.2993789287396,10.408,72.01841735839844,66.53067779541016,77.50613403320312,63.12654113769531,57.06455612182617,69.18852233886719,60.85527801513672,59.47151565551758,62.239044189453125,65.39778900146484,54.657596588134766,76.13798522949219,64.05704498291016,57.870758056640625,70.24333953857422,54.60954284667969,45.043495178222656,64.17559814453125,62.96162033081055,55.018917083740234,70.90433502197266,74.59996795654297,73.54986572265625,75.65007781982422,88.87164306640625,84.65672302246094,93.08655548095703,16147.520520083335,4201.880502772667,9.689521788695933,8.343287442821769,0.07995885940939118,7.995885940939118,0,0,0,0
ROU,Romania,2007,156287689281.0905,8924741.0,48197716836.80438,4.837329283139891,5.78679016158104,23060189900.38604,34.80639920402376,10.59,74.77535247802734,66.48432159423828,83.06635284423828,68.69884490966797,53.68811798095703,83.70956420898438,68.31201171875,52.14639663696289,84.47762298583984,69.08567810058594,55.22983932495117,82.94151306152344,65.37982940673828,59.44541549682617,71.31425476074219,56.76340103149414,47.76893997192383,65.75785827636719,64.32787322998047,56.86181640625,71.79393005371094,75.0482406616211,73.70549774169922,76.39098358154297,90.247314453125,86.31937408447266,94.17524719238281,17511.733873407702,5400.4611267491555,9.770626442274052,8.594239622748955,0.08110465357811947,8.110465357811947,0,0,0,0
ROU,Romania,2008,170834114652.8882,8824096.0,53555706111.17019,7.850802557144816,6.377418660988495,24421591719.88863,32.24854844790429,10.67,73.3424301147461,63.35218811035156,83.33267974853516,67.494873046875,52.838321685791016,82.15144348144531,68.75762939453125,53.96718978881836,83.54808044433594,66.23213195800781,51.70945358276367,80.75479888916016,62.099609375,50.8702278137207,73.32899475097656,62.075828552246094,50.94479751586914,73.20686340332031,65.01001739501953,57.68976974487305,72.33026885986328,59.21298599243164,43.97610855102539,74.4498519897461,90.43282318115234,86.34803771972656,94.51760864257812,19359.95649332104,6069.256965378685,9.870962113582229,8.710991465585204,0.10033567130817644,10.033567130817644,1,0,0,0
ROU,Romania,2009,161409698529.1328,8103793.0,41503394444.87152,5.587420042643928,2.663644070649049,23431061384.74306,35.75187304857458,10.7,72.72116088867188,61.942787170410156,83.49954986572266,66.4305648803711,51.02124786376953,81.83988189697266,66.77096557617188,48.52336502075195,85.01854705810547,66.09016418457031,53.51912307739258,78.66120910644531,62.12493896484375,50.11344528198242,74.13644409179688,61.2159309387207,48.26689910888672,74.16495513916016,66.38973999023438,59.49498748779297,73.28448486328125,58.769187927246094,42.5784797668457,74.95989990234375,89.60799407958984,84.69369506835938,94.52229309082031,19917.79633674414,5121.477614849185,9.899368899353664,8.541198273047781,0.02840678577143585,2.840678577143585,1,0,0,0
ROU,Romania,2010,155105339843.9896,8573642.0,41036089633.30842,6.09141668601891,1.889718591396859,23033716818.67152,37.51594830709736,10.73,73.02863311767578,62.59547805786133,83.46177673339844,66.77397155761719,51.501094818115234,82.04684448242188,68.01184844970703,50.32316207885742,85.7005386352539,65.53608703613281,52.67901611328125,78.3931655883789,63.00361251831055,51.10921096801758,74.89799499511719,62.43143844604492,49.3109130859375,75.55196380615234,67.33842468261719,60.81905746459961,73.85779571533203,59.24095153808594,43.19768524169922,75.28421783447266,89.30831146240234,85.17611694335938,93.44050598144531,18090.95129514267,4786.30780633346,9.803167163802872,8.473514580301952,-0.09620173555079248,-9.620173555079248,0,1,0,0
ROU,Romania,2011,162078238594.7012,8469420.0,43609885422.73475,5.7892532881588,1.230426891048974,22691205802.71786,36.75975288189566,10.86,73.1266098022461,63.690216064453125,82.56301879882812,66.53170776367188,53.12015151977539,79.94325256347656,68.76016235351562,53.292057037353516,84.22826385498047,64.30323791503906,52.948246002197266,75.6582260131836,63.6536865234375,53.005455017089844,74.30192565917969,62.0040168762207,50.746219635009766,73.26180267333984,69.02793884277344,64.05863952636719,73.99724578857422,59.92911148071289,44.211517333984375,75.6467056274414,89.19445037841797,84.94501495361328,93.4438705444336,19136.87579488338,5149.099397920371,9.859372422576174,8.546577104175288,0.056205258773301736,5.620525877330174,0,1,0,0
ROU,Romania,2012,165163587446.019,8456929.0,41302619388.09012,3.334922676934421,1.701437728932174,24324937654.19173,35.73676324642672,10.96,73.89138793945312,65.20405578613281,82.57874298095703,67.7566909790039,56.4505615234375,79.06282806396484,68.98206329345703,55.096073150634766,82.86807250976562,66.53131866455078,57.805049896240234,75.25757598876953,64.69734191894531,54.16708755493164,75.22759246826172,63.726593017578125,52.56607437133789,74.8871078491211,70.0840835571289,65.18387603759766,74.9842758178711,60.2813606262207,44.75132369995117,75.81138610839844,89.22015380859375,84.99451446533203,93.44579315185547,19529.97210287789,4883.879170333595,9.879705595445634,8.493695095025622,0.020333172869460014,2.0333172869460014,0,1,0,0
ROU,Romania,2013,165624017079.6395,8437034.0,41175011061.84563,3.984712355481296,2.031005139895545,23922030264.1952,38.24210494511062,11.02,74.46115112304688,65.59016418457031,83.33209991455078,70.46009826660156,60.038604736328125,80.8815689086914,72.66551971435547,61.30157470703125,84.02944946289062,68.2546615600586,58.775634765625,77.73369598388672,63.678565979003906,51.69084548950195,75.66629791259766,64.5312271118164,54.734764099121094,74.32769012451172,69.2546157836914,62.96018981933594,75.5490493774414,57.249874114990234,37.37761688232422,77.12214660644531,89.24473571777344,85.04103088378906,93.44843292236328,19630.597325984403,4880.270846584905,9.88484471604771,8.492955998656416,0.005139120602075664,0.5139120602075664,0,0,0,0
ROU,Romania,2014,172441103432.3752,8482476.0,42868248716.87772,1.068309876842982,1.937288271730095,25239426173.00537,39.11940904956609,10.86,75.52457427978516,65.75492858886719,85.2942123413086,72.2126235961914,58.01854705810547,86.4067153930664,75.40382385253906,61.864383697509766,88.94326782226562,69.02143859863281,54.1727180480957,83.87015533447266,64.90457153320312,53.7835693359375,76.02556610107422,64.97911071777344,56.486873626708984,73.47135162353516,71.09764862060547,65.65144348144531,76.54386138916016,58.63694763183594,39.2124137878418,78.06148529052734,89.45651245117188,85.46266174316406,93.45037078857422,20329.10006846765,5053.742411635202,9.919808639458044,8.527884319422357,0.034963923410334274,3.4963923410334274,0,0,0,0
ROU,Romania,2015,177885131240.3153,8563782.0,45353620258.49877,-0.5941564374952033,2.427258221190645,24799665074.5057,40.17294052560064,10.98,76.14493560791016,66.74626922607422,85.54359436035156,72.50409698486328,58.83517837524414,86.17300415039062,75.38541412353516,61.797096252441406,88.9737319946289,69.6227798461914,55.87327575683594,83.37226867675781,65.65959930419922,55.03969955444336,76.27947998046875,66.07658386230469,58.47786331176758,73.67530059814453,71.37692260742188,66.06261444091797,76.69123077392578,59.525272369384766,40.578636169433594,78.47191619873047,90.27108764648438,86.3639144897461,94.17826843261719,20771.795830430445,5295.980240797672,9.941351375839766,8.574703366642677,0.021542736381721994,2.1542736381721994,0,0,0,0
ROU,Romania,2016,182972525962.2754,8458910.0,44189887805.03007,-1.544796668138967,3.374175696496439,24876749920.32357,41.76604824929656,11.08,76.57742309570312,67.0581283569336,86.09671020507812,72.93257141113281,59.351585388183594,86.51356506347656,75.8771743774414,62.57310485839844,89.1812515258789,69.98797607421875,56.13007354736328,83.84587860107422,66.47789001464844,55.686370849609375,77.2694091796875,66.74364471435547,58.83863830566406,74.64865112304688,71.87189483642578,66.43550872802734,77.30826568603516,60.818138122558594,41.78495407104492,79.85132598876953,90.3218002319336,86.13642883300781,94.50717163085938,21630.74509153962,5224.064070315214,9.981870965489257,8.561030935489637,0.04051958964949165,4.051958964949165,0,0,0,0
ROU,Romania,2017,197967999561.0199,8547354.0,48018961151.53527,1.339021211043902,2.8327307446025,25937908252.08836,41.09459703969115,11.15,76.88923645019531,67.82745361328125,85.95101928710938,73.0462417602539,60.16127014160156,85.93122100830078,76.0671157836914,63.89902877807617,88.2352066040039,70.02537536621094,56.42350769042969,83.62723541259766,67.41429901123047,57.41386413574219,77.41474151611328,67.047607421875,59.97959518432617,74.11561584472656,72.74055480957031,67.162841796875,78.3182601928711,62.45475387573242,45.09917068481445,79.81034851074219,90.2071762084961,85.90723419189453,94.50711059570312,23161.31981441507,5617.991386753757,10.050238916868732,8.633729474511314,0.06836795137947504,6.8367951379475045,0,0,0,0
ROU,Romania,2018,208647427408.2852,8484137.0,49315416667.15092,4.625484431377785,3.037146607539518,26943190004.24934,39.98485301493354,11.215,76.9097900390625,67.44430541992188,86.37525939941406,72.6194076538086,59.06460952758789,86.17420196533203,76.18214416503906,64.02499389648438,88.33929443359375,69.0566635131836,54.10422134399414,84.00910186767578,68.02134704589844,57.59773254394531,78.44493865966797,67.0616455078125,60.108612060546875,74.01467895507812,72.78250885009766,66.19650268554688,79.3685073852539,64.21985626220703,46.48808670043945,81.9516372680664,90.08861541748047,85.67057037353516,94.50664520263672,24592.65184052134,5812.661519627855,10.110202971629166,8.667793837832596,0.05996405476043343,5.996405476043343,0,0,0,0
ROU,Romania,2019,216910469745.2558,8460344.0,54712850091.273,3.827854325994376,2.945229187893321,28864450317.34673,39.87763606741169,11.28,77.4302978515625,68.12200927734375,86.73858642578125,72.84400939941406,59.32806396484375,86.3599624633789,76.31458282470703,64.08834075927734,88.54082489013672,69.37345123291016,54.56779479980469,84.17911529541016,68.92192077636719,58.49393081665039,79.34990692138672,68.2192611694336,60.22803497314453,76.21048736572266,73.28929138183594,66.52362060546875,80.05496215820312,65.2572250366211,48.73015213012695,81.7843017578125,90.52496337890625,86.54402923583984,94.50589752197266,25638.492920058074,6466.977003686021,10.151850130838211,8.77446404549254,0.04164715920904527,4.164715920904527,0,0,0,0
ROU,Romania,2020,209105975817.662,8404862.0,54046547376.92851,2.631073111847428,1.437373557328394,29605299260.78711,45.81860669776272,11.39,76.60505676269531,67.72103881835938,85.48907470703125,70.80440521240234,59.12989807128906,82.4789047241211,74.12991333007812,59.48415756225586,88.77565002441406,67.47889709472656,58.775634765625,76.18215942382812,67.99320983886719,56.50366973876953,79.48273468017578,66.66836547851562,58.130104064941406,75.20661163330078,73.38785552978516,65.65695190429688,81.1187744140625,63.923377990722656,45.723941802978516,82.12281036376953,91.01757049560547,87.52957153320312,94.50557708740234,24879.168250193994,6430.390811524153,10.121786115835866,8.768790594781898,-0.030064015002345457,-3.0064015002345457,0,0,1,0
ROU,Romania,2021,220789460074.3412,8417695.0,60145869940.61476,5.05232876096582,4.128345310779575,29494291122.64087,47.58985422954879,11.46,76.9057846069336,68.21399688720703,85.59761047363281,71.59357452392578,61.077632904052734,82.1094970703125,76.9179458618164,64.81780242919922,89.0180892944336,66.2691879272461,57.33745193481445,75.20091247558594,69.08013153076172,57.98094940185547,80.17931365966797,67.30672454833984,58.88376235961914,75.72968292236328,74.1221694946289,66.10564422607422,82.13867950439453,65.81150817871094,48.953433990478516,82.66957092285156,90.04369354248047,85.58338928222656,94.50399780273438,26229.206460241334,7145.170969085333,10.17462881926723,8.874192018571085,0.05284270343136477,5.284270343136477,0,0,1,0
ROU,Romania,2022,230035489109.1976,8420718.0,63779889799.3142,13.79548874325208,3.886473492526435,29082592484.12,43.55358743210483,11.55,76.81857299804688,67.93846893310547,85.69869232177734,72.5660629272461,63.09767532348633,82.03443908691406,79.33981323242188,69.68914031982422,88.99048614501953,65.79230499267578,56.50621795654297,75.07839965820312,69.29361724853516,58.39480972290039,80.19245147705078,67.62884521484375,60.13113784790039,75.12654876708984,74.32420349121094,65.92337799072266,82.72502136230469,65.92784881591797,49.129913330078125,82.72577667236328,88.59603881835938,82.32292175292969,94.8691635131836,27317.79987278966,7574.162891966481,10.215293778699179,8.93249811495961,0.04066495943194859,4.066495943194859,0,0,0,1
ROU,Romania,2023,235229078939.7088,8296265.0,63372444735.89771,10.39718747649958,2.504268606548415,30231464628.84508,41.89139387599329,11.55,77.07825469970703,68.25798797607422,85.89851379394531,71.18006896972656,60.36248016357422,81.99765014648438,76.71173095703125,64.4480209350586,88.97543334960938,65.64840698242188,56.276947021484375,75.01986694335938,71.26994323730469,61.71052169799805,80.82936096191406,68.17582702636719,60.32599639892578,76.02564239501953,74.9601058959961,66.63363647460938,83.28658294677734,70.67388153076172,58.17192077636719,83.17584228515625,88.78472900390625,82.70094299316406,94.8685302734375,28353.612009706634,7638.671707798354,10.252509708790013,8.940979006809306,0.03721593009083435,3.721593009083435,0,0,0,1
SVK,Slovakia,1995,41585644560.50877,2479680.0,10220980644.64846,9.84109579837748,0.9019586661550644,10408193971.25156,,8.4,59.75639343261719,60.872188568115234,58.59024429321289,48.9566650390625,43.86306381225586,54.8082275390625,66.5211181640625,58.733890533447266,77.03108978271484,33.667354583740234,28.992238998413086,38.342472076416016,63.29191970825195,65.91278076171875,60.671058654785156,51.67829895019531,48.224525451660156,55.1320686340332,61.25621032714844,74.0687484741211,48.44367599487305,76.94125366210938,75.445068359375,78.43743133544922,66.32112884521484,72.84071350097656,59.801551818847656,16770.569009109553,4121.895020586713,9.727380784421099,8.324068293049113,0.0470586144903109,4.70586144903109,0,0,0,0
SVK,Slovakia,1996,44130510842.87441,2517738.0,14837222764.53376,5.775827861559492,1.244162145889974,11142094586.91016,,8.71,60.29829406738281,61.13771438598633,59.42045211791992,49.22764587402344,44.011234283447266,55.232330322265625,64.68621826171875,58.35166931152344,73.27606201171875,35.79841232299805,29.67080307006836,41.926021575927734,63.3532829284668,66.80542755126953,59.90114212036133,53.37993621826172,50.81742477416992,55.94245529174805,61.62105178833008,73.9682846069336,49.2738151550293,75.05888366699219,75.63060760498047,74.4871597290039,67.58727264404297,72.5964584350586,62.57808303833008,17527.840801097816,5893.076549082454,9.771545798686008,8.681533474585967,0.04416501426490882,4.416501426490882,0,0,0,0
SVK,Slovakia,1997,46551440140.74279,2521164.0,16178531513.31135,6.141989995956524,0.6346170995520926,11160980715.33438,,9.02,62.29872131347656,62.58828353881836,61.995758056640625,53.01520919799805,47.87175750732422,58.94648742675781,67.25282287597656,60.81352996826172,76.02147674560547,40.668704986572266,34.929988861083984,46.40742874145508,64.51338958740234,67.32423400878906,61.70254135131836,54.389381408691406,51.3344841003418,57.444271087646484,63.351951599121094,74.21150970458984,52.49239730834961,75.79881286621094,76.42667388916016,75.17095184326172,68.75104522705078,72.56885528564453,64.9332275390625,18464.264974727066,6417.08810426904,9.823592520089118,8.76671972747846,0.052046721403110396,5.20467214031104,0,0,0,0
SVK,Slovakia,1998,48332548393.00381,2518451.0,16423978632.46449,6.665651231958244,2.157085253788806,11599439128.96445,,9.33,62.89837646484375,61.291439056396484,64.58055114746094,54.621315002441406,48.53632354736328,61.649044036865234,66.55194091796875,58.88394546508789,77.0315170288086,44.29112243652344,38.18870544433594,50.3935432434082,66.56922912597656,67.46173095703125,65.67671966552734,55.3259162902832,51.27459716796875,59.37723159790039,66.41500854492188,74.048583984375,58.781436920166016,77.9667739868164,77.06202697753906,78.87150573730469,66.94945526123047,67.87627410888672,66.02263641357422,19191.37930140543,6521.460466161339,9.862216462469096,8.782853627714426,0.038623942379977905,3.8623942379977905,0,0,0,0
SVK,Slovakia,1999,48103809189.83838,2548083.0,14131558667.13716,10.57044160752248,1.111267645465323,10758269697.52734,,9.64,62.81749725341797,59.66650390625,66.11669158935547,52.757144927978516,42.75076675415039,64.32189178466797,62.1937141418457,50.877742767333984,77.68451690673828,44.5921745300293,34.62379837036133,54.560550689697266,65.31612396240234,66.281005859375,64.35125732421875,55.16023254394531,50.12336349487305,60.197113037109375,65.67774200439453,75.3860855102539,55.969398498535156,75.11040496826172,73.33357238769531,76.88725280761719,69.70138549804688,69.96772003173828,69.43506622314453,18878.43103613123,5545.956967311175,9.84577533434651,8.620824466915757,-0.01644112812258669,-1.644112812258669,0,0,0,0
SVK,Slovakia,2000,48483456226.77899,2581927.0,13370905736.64213,12.0357805974299,7.472411042520415,11062054326.98047,,9.95,65.68400573730469,62.63142395019531,68.8809585571289,56.94403076171875,48.61198425292969,66.58196258544922,66.79388427734375,58.39289474487305,78.31773376464844,48.42877197265625,38.8310661315918,58.02647018432617,66.82502746582031,67.25760650634766,66.3924560546875,56.071876525878906,50.14949417114258,61.994258880615234,68.85765075683594,78.04561614990234,59.669681549072266,75.54556274414062,73.57770538330078,77.513427734375,72.6908187866211,72.02471923828125,73.35692596435547,18778.012014584066,5178.6536709372995,9.840441890640637,8.552300392385845,-0.005333443705872298,-0.5333443705872298,0,0,0,0
SVK,Slovakia,2001,49901675269.46961,2621280.0,15322985458.45902,7.329620191155299,4.987799111523998,11451521089.41211,,10.26,68.08309173583984,66.0918197631836,70.16929626464844,58.75909423828125,52.004093170166016,66.58213806152344,69.18558502197266,63.080387115478516,77.583984375,49.75607681274414,40.92779541015625,58.58435821533203,69.36831665039062,71.84982299804688,66.88681030273438,59.421653747558594,55.049537658691406,63.79376983642578,69.57402801513672,83.45188903808594,55.69617462158203,79.10926818847656,77.04803466796875,81.17049407958984,75.4853744506836,74.42155456542969,76.5491943359375,19037.140354891355,5845.6118607928265,9.85414710562071,8.673446549486997,0.01370521498007271,1.370521498007271,0,0,0,0
SVK,Slovakia,2002,52105958758.24345,2628367.0,15385395740.94925,3.127142229846084,11.95232746093084,11705689411.90937,,10.484,68.2689437866211,66.82573699951172,69.78173065185547,57.560401916503906,56.023345947265625,59.34346008300781,64.6144790649414,68.0382308959961,59.88600158691406,51.47954177856445,44.008460998535156,58.950626373291016,70.03001403808594,70.48274993896484,69.57727813720703,59.94068145751953,54.559112548828125,65.32225799560547,71.96980285644531,83.37559509277344,60.56401062011719,78.17955017089844,73.51353454589844,82.84556579589844,76.47771453857422,73.97109985351562,78.98432159423828,19824.460875609628,5853.59492831452,9.894671851964787,8.674811269147844,0.040524746344077656,4.052474634407766,0,0,0,0
SVK,Slovakia,2003,54636588083.95741,2661789.0,14197351952.41052,8.55414305406645,2.079108929626074,12410610660.37773,,10.708,71.01974487304688,68.43848419189453,73.7269058227539,64.3058090209961,59.55073547363281,69.83179473876953,64.38858795166016,69.33935546875,57.5219612121582,64.23460388183594,49.762123107910156,78.70707702636719,70.37294006347656,71.43404388427734,69.31183624267578,61.10673904418945,55.3759651184082,66.83751678466797,72.35052490234375,83.26669311523438,61.43434143066406,77.66155242919922,75.65945434570312,79.66365814208984,77.91219329833984,74.33067321777344,81.49371337890625,20526.26563711752,5333.763101587136,9.929460595616488,8.581812290854877,0.034788743651700926,3.4788743651700926,0,0,0,0
SVK,Slovakia,2004,57581226217.42144,2667677.0,15951748986.76641,7.548500881834232,7.102097429381734,11784710029.49258,,10.932,75.8691635131836,72.98719787597656,78.89236450195312,76.25779724121094,68.9223861694336,84.7884750366211,76.85548400878906,67.49199676513672,89.86439514160156,75.74385070800781,70.3527603149414,81.13495635986328,71.89408874511719,72.90223693847656,70.88595581054688,61.92890167236328,59.009029388427734,64.84877014160156,68.43115234375,74.53490447998047,62.327392578125,85.3222427368164,85.16278839111328,85.481689453125,79.48287200927734,77.136962890625,81.82878112792969,21584.781897291705,5979.640333805934,9.979743803574003,8.696115700287397,0.05028320795751462,5.028320795751462,0,0,0,0
SVK,Slovakia,2005,61315329710.64604,2655652.0,18733093747.63941,2.709084945883843,6.272820579474554,12485570460.78125,,11.156,76.7406997680664,72.78314971923828,80.89315032958984,76.47467803955078,70.08773803710938,83.90836334228516,76.68255615234375,69.67591857910156,86.43595886230469,76.29607391357422,70.49956512451172,82.09258270263672,73.68718719482422,71.32917785644531,76.04520416259766,66.36160278320312,61.36939239501953,71.35380554199219,69.66572570800781,68.12994384765625,71.20149993896484,85.03422546386719,84.48816680908203,85.58028411865234,80.04148864746094,76.93255615234375,83.15042114257812,23088.616170584868,7054.046896068991,10.047094968572681,8.861356758926577,0.06735116499867821,6.7351164998678215,0,0,0,0
SVK,Slovakia,2006,66788144152.88506,2651834.0,19689715048.12133,4.483331204496106,8.05836126241016,13482914926.70273,,11.38,77.46390533447266,73.72509765625,81.3869857788086,76.57101440429688,71.60740661621094,82.34884643554688,75.79145812988281,71.91960144042969,81.18280792236328,77.24072265625,71.29520416259766,83.18624114990234,74.14664459228516,72.0065689086914,76.28670501708984,67.15573120117188,62.87925338745117,71.43221282958984,69.62364959716797,67.8958511352539,71.35145568847656,85.66051483154297,85.24458312988281,86.07644653320312,81.61115264892578,77.56133270263672,85.66096496582031,25185.64289954992,7424.942529630938,10.134029384935534,8.912600223523901,0.08693441636285293,8.693441636285293,0,0,0,0
SVK,Slovakia,2007,74013706023.71428,2649679.0,21572662039.85748,2.756723716381397,5.841743722788541,13509427846.73711,,11.604,78.84304809570312,75.15496826171875,82.71406555175781,77.42445373535156,72.43301391601562,83.24047088623047,77.390380859375,73.49552154541016,82.82672119140625,77.45370483398438,71.37051391601562,83.5368881225586,76.45579528808594,74.54519653320312,78.36639404296875,70.23747253417969,66.17121887207031,74.30372619628906,71.3660659790039,70.39556884765625,72.33655548095703,87.76384735107422,87.06878662109375,88.45890808105469,82.5483169555664,78.48664855957031,86.60997009277344,27933.083978743947,8141.613395380149,10.237567070986945,9.004743645177065,0.10353768605141056,10.353768605141056,0,0,0,0
SVK,Slovakia,2008,77983340266.58331,2682509.0,22705953452.88042,4.598179763250279,4.602686328417239,14357036890.9914,,11.828,76.87246704101562,71.76248168945312,82.23783874511719,75.5743637084961,71.40763092041016,80.43519592285156,77.04383850097656,74.59557342529297,80.47078704833984,74.31473541259766,68.21968078613281,80.40977478027344,71.37368774414062,64.35035705566406,78.39702606201172,70.9615249633789,68.88806915283203,73.03498077392578,71.11437225341797,68.81287384033203,73.41587829589844,72.045166015625,55.350128173828125,88.74019622802734,83.57667541503906,79.52947998046875,87.62388610839844,29071.04515458599,8464.446327255722,10.27749794593676,9.043629885134019,0.03993087494981573,3.993087494981573,1,0,0,0
SVK,Slovakia,2009,73690093871.6194,2670723.0,15845312998.83578,1.615104640582376,1.702521411700202,15216883862.42929,,12.052,76.97843170166016,71.27653503417969,82.96662139892578,75.86864471435547,70.830078125,81.7508544921875,74.69151306152344,69.64793395996094,81.76370239257812,76.87694549560547,72.01220703125,81.7416763305664,71.28977966308594,63.820152282714844,78.75941467285156,70.90280151367188,68.59642791748047,73.20916748046875,71.26094818115234,68.42109680175781,74.10079956054688,71.70561218261719,54.44294357299805,88.9682846069336,83.69730377197266,79.17939758300781,88.21521759033203,27591.814602869486,5932.967589239236,10.225274435359161,8.688279803449054,-0.05222351057759944,-5.222351057759944,1,0,0,0
SVK,Slovakia,2010,78694079820.76881,2681599.0,19824943895.11635,0.9570181329751429,2.322228933705447,15539409274.11796,,12.276,77.17557525634766,71.31539154052734,83.3302001953125,75.96870422363281,70.773193359375,82.034912109375,74.78221130371094,69.9237289428711,81.59693145751953,76.98490905761719,71.62265014648438,82.34717559814453,71.13851928710938,62.64548110961914,79.6315689086914,70.81002044677734,66.30738067626953,75.31266021728516,71.60431671142578,67.96907806396484,75.23956298828125,71.00123596191406,53.66001510620117,88.34246063232422,84.33285522460938,80.52750396728516,88.13819885253906,29345.9535973756,7392.956178428,10.286909948541314,8.90828295809844,0.061635513182153545,6.1635513182153545,0,1,0,0
SVK,Slovakia,2011,80710556384.83841,2684605.0,21360984797.04531,3.9192859914629,5.44765747649664,15173884690.35312,,12.5,77.38340759277344,71.4453353881836,83.62034606933594,75.81399536132812,70.64665985107422,81.848876953125,73.83851623535156,69.59490966796875,79.79460144042969,77.50546264648438,71.69841766357422,83.3125,71.5953140258789,63.24161148071289,79.94902801513672,70.9734878540039,66.65331268310547,75.29364776611328,71.43869018554688,67.36320495605469,75.51417541503906,72.37379455566406,55.70832824707031,89.03925323486328,84.62809753417969,80.44771575927734,88.80847930908203,30064.22039176654,7956.844599874213,10.311091052379654,8.981787793197405,0.02418110383833927,2.418110383833927,0,1,0,0
SVK,Slovakia,2012,81977043067.52374,2707969.0,17660325104.82426,3.606102635228899,1.875510690356368,14869176946.17499,,12.38,77.40526580810547,71.67999267578125,83.4194564819336,75.21327209472656,71.2891845703125,79.79806518554688,74.31581115722656,70.8903579711914,79.12831115722656,75.98139953613281,71.68800354003906,80.27478790283203,72.21119689941406,63.66147232055664,80.76092529296875,71.92240905761719,66.6278305053711,77.21699523925781,72.47265625,68.72481536865234,76.2204818725586,72.23853302001953,55.63178253173828,88.84528350830078,84.6333999633789,80.08930969238281,89.177490234375,30272.519023490942,6521.612730730766,10.317995617036646,8.782876975673474,0.006904564656991852,0.6904564656991852,0,1,0,0
SVK,Slovakia,2013,82553606913.11508,2715149.0,18296017462.55964,1.400473689630253,1.01266878582834,15089738123.21523,,12.44,77.33377838134766,71.86593627929688,83.07879638671875,75.79088592529297,73.13032531738281,78.90172576904297,76.1279067993164,74.00847625732422,79.11089324951172,75.50263977050781,72.25216674804688,78.75310516357422,71.50365447998047,62.46007537841797,80.54724884033203,72.86933898925781,68.54006958007812,77.19860076904297,72.424560546875,68.35018920898438,76.4989242553711,69.21707916259766,50.48997497558594,87.9441909790039,84.59510040283203,80.00740051269531,89.18279266357422,30404.816425586618,6738.494816512699,10.322356309896998,8.815591857974326,0.004360692860352344,0.4360692860352344,0,0,0,0
SVK,Slovakia,2014,84789118561.78893,2743071.0,19367917020.04914,-0.07616532954198706,-0.3568030474318457,15660042172.66405,,12.44,78.37999725341797,71.42890167236328,85.68492889404297,78.80697631835938,72.52411651611328,86.15805053710938,78.511474609375,72.72716522216797,86.66555786132812,79.05955505371094,72.32107543945312,85.79802703857422,73.2528305053711,62.551292419433594,83.95436096191406,73.8751449584961,68.83780670166016,78.91249084472656,75.82403564453125,68.56541442871094,83.0826644897461,70.0593032836914,50.25068664550781,89.867919921875,83.1112060546875,79.2113037109375,87.01111602783203,30910.289439022512,7060.669235338473,10.338844399010581,8.862295118535618,0.016488089113583015,1.6488089113583015,0,0,0,0
SVK,Slovakia,2015,89178548717.33238,2738069.0,22988203950.25702,-0.3252197774276733,1.704871225402915,16490554732.78671,,12.64,78.64218139648438,71.84550476074219,85.78337097167969,77.85193634033203,72.85785675048828,83.69110107421875,77.67266845703125,72.5205078125,84.92361450195312,78.0052719116211,73.19520568847656,82.81533813476562,73.86376190185547,63.894161224365234,83.8333511352539,72.95631408691406,68.24545288085938,77.66717529296875,77.08340454101562,71.32430267333984,82.84251403808594,71.55154418945312,52.112728118896484,90.99036407470703,84.1536636352539,78.78450012207031,89.52283477783203,32569.86902716198,8395.772330886117,10.391142876989917,9.035483564194369,0.05229847797933651,5.229847797933651,0,0,0,0
SVK,Slovakia,2016,90915584911.69734,2756837.0,22303087809.37241,-0.520010196278266,5.27770700739813,16808597712.39726,,12.71,78.84090423583984,72.09671020507812,85.92379760742188,78.9806137084961,74.69795227050781,83.98048400878906,79.0629653930664,74.645263671875,85.2579345703125,78.91006469726562,74.7506332397461,83.06950378417969,73.42259216308594,62.85859298706055,83.98661804199219,73.51170349121094,68.63529205322266,78.38811492919922,77.03191375732422,70.56499481201172,83.49882507324219,69.72421264648438,49.37550735473633,90.07291412353516,84.12956237792969,78.73360443115234,89.5255126953125,32978.222837149,8090.100288617865,10.403602708583726,8.998396406591011,0.012459831593808701,1.2459831593808701,0,0,0,0
SVK,Slovakia,2017,93529165482.8938,2751313.0,21865162143.76555,1.311945882232281,4.399864246211012,16986106460.74257,,12.77,80.44452667236328,74.71249389648438,86.46207427978516,80.60533142089844,77.48246002197266,84.24646759033203,80.15042114257812,76.00823211669922,85.94102478027344,80.99549102783203,78.95665740966797,83.03431701660156,76.813232421875,68.32780456542969,85.29865264892578,75.2023696899414,70.46417999267578,79.94055938720703,78.3539047241211,73.0026626586914,83.70513153076172,76.8834228515625,61.51655578613281,92.25029754638672,83.92649841308594,78.32723999023438,89.52574920654297,33994.374861345765,7947.173638101353,10.433950344656186,8.980571627217193,0.030347636072459494,3.0347636072459494,0,0,0,0
SVK,Slovakia,2018,97328432250.48686,2742867.0,23094293548.57099,2.514037128838118,2.112695315839824,17069855822.26562,,12.87,80.36479187011719,74.69775390625,86.31149291992188,80.45020294189453,77.20082092285156,84.2333984375,80.3860855102539,76.55067443847656,85.7293701171875,80.5052719116211,77.85095977783203,83.15959167480469,76.61597442626953,68.35038757324219,84.88154602050781,74.96976470947266,71.7585678100586,78.18096923828125,80.62965393066406,72.1006851196289,89.15862274169922,74.24847412109375,61.1919059753418,87.30504608154297,84.03418731689453,78.54204559326172,89.52632904052734,35484.19673665798,8419.764264388683,10.476842714001672,9.038337109740965,0.0428923693454859,4.28923693454859,0,0,0,0
SVK,Slovakia,2019,99543529164.30855,2735233.0,23797369057.69454,2.664561334254313,2.153945486317367,17843623455.11015,,12.91,80.78033447265625,75.28870391845703,86.54048919677734,80.92545318603516,77.9241714477539,84.41471862792969,80.81396484375,77.05622863769531,86.03096008300781,81.02134704589844,78.7921142578125,83.25057983398438,77.10968780517578,69.1629638671875,85.05638885498047,75.13282775878906,71.75255584716797,78.51309967041016,81.265380859375,72.79417419433594,89.73657989501953,74.93085479736328,62.94220733642578,86.91950988769531,84.31600189208984,78.77897644042969,89.85303497314453,36393.071143960515,8700.30781936842,10.502133682317467,9.071113685553364,0.02529096831579558,2.529096831579558,0,0,0,0
SVK,Slovakia,2020,96969818857.11478,2705756.0,19785738605.65877,1.936941266942229,-1.05975666677956,17735560228.10195,,13.006243,80.11993408203125,74.20295715332031,86.32437133789062,79.39285278320312,76.45132446289062,82.80924224853516,78.86827850341797,73.7304916381836,85.98434448242188,79.84449005126953,79.1721420288086,80.51683807373047,76.60726165771484,67.39299011230469,85.821533203125,73.92412567138672,69.7769546508789,78.0712890625,77.69013977050781,69.59381866455078,85.78646850585938,78.20750427246094,62.808170318603516,93.6068344116211,84.30915832519531,78.76458740234375,89.85372161865234,35838.34568124945,7312.462249241532,10.486773707576251,8.897335329029902,-0.015359974741215865,-1.5359974741215865,0,0,1,0
SVK,Slovakia,2021,102454294896.6458,2757031.0,23518897733.26145,3.14960629921268,2.256778672119631,18478663143.67539,,13.103204,80.31269073486328,74.86865997314453,86.01901245117188,79.8662338256836,77.540283203125,82.56417083740234,79.4243392944336,74.71733093261719,85.92362213134766,80.24717712402344,80.36322784423828,80.13113403320312,76.55482482910156,67.94512939453125,85.16453552246094,73.08679962158203,70.43159484863281,75.74198913574219,77.53791809082031,69.08430480957031,85.99153137207031,79.03976440429688,64.31945037841797,93.76007843017578,84.48625946044922,79.12054443359375,89.85197448730469,37161.09644637503,8530.516244924867,10.523017698584379,9.051405159747583,0.03624399100812781,3.6243991008127807,0,0,1,0
SVK,Slovakia,2022,103012252413.4184,2791445.0,23128654568.86854,12.77414636376106,4.168720059120191,17645860548.94648,,13.103204,79.93507385253906,73.73200988769531,86.43560028076172,80.2103271484375,78.18722534179688,82.55533599853516,81.56379699707031,78.4477310180664,85.85912322998047,79.04267120361328,77.9267349243164,80.15859985351562,77.03544616699219,68.06925201416016,86.00164031982422,74.37474822998047,70.7651138305664,77.9843978881836,77.53009033203125,68.87744903564453,86.18273162841797,79.20150756835938,64.56520080566406,93.83782196044922,82.57835388183594,74.9395751953125,90.21713256835938,36902.84150804275,8285.549086178858,10.516043832701852,9.022268202399516,-0.006973865882526908,-0.6973865882526908,0,0,0,1
SVK,Slovakia,2023,105188526684.4699,2791584.0,20193967065.65714,10.53194766452113,0.3938614559124846,17532094425.68047,,13.103204,80.16569519042969,74.12469482421875,86.4964599609375,78.99359893798828,75.91345977783203,82.56403350830078,80.11576080322266,75.97621154785156,85.8226318359375,78.0255355834961,75.8507080078125,80.20036315917969,78.65697479248047,71.14496612548828,86.16897583007812,74.5609359741211,70.82097625732422,78.30088806152344,77.807861328125,69.26994323730469,86.34578704833984,83.60211944580078,73.34398651123047,93.86026000976562,82.7659912109375,75.31564331054688,90.21633911132812,37680.588040506715,7233.874053461095,10.536900334739085,8.88653000200122,0.020856502037233327,2.0856502037233327,0,0,0,1
SVN,Slovenia,1995,26422998604.28341,938320.0,6143133193.508467,13.46372961786695,0.7038752680533068,5255131250.055857,,8.839231,53.563236236572266,51.50263595581055,55.62382125854492,50.665061950683594,46.61419677734375,54.71592712402344,62.26775360107422,60.05208206176758,64.48342895507812,39.062374114990234,33.17631530761719,44.94843292236328,63.97848129272461,65.10655212402344,62.85041427612305,58.96445083618164,62.66590881347656,55.262996673583984,59.63998794555664,68.64838409423828,50.631591796875,73.33100891113281,64.00536346435547,82.65664672851562,46.046138763427734,42.78715133666992,49.30514144897461,28159.901317549888,6546.949008343067,10.245654305917467,8.786754419857694,0.0369691055668504,3.69691055668504,0,0,0,0
SVN,Slovenia,1996,27192863782.39375,941323.0,6367180507.523964,9.864450615468511,0.8071465073085717,5399748488.758591,,9.171538,56.215633392333984,53.14556884765625,59.28569793701172,52.236785888671875,48.83487319946289,55.63869857788086,63.42552947998047,61.06923294067383,65.78181457519531,41.04804611206055,36.60051345825195,45.495574951171875,67.73572540283203,67.27494812011719,68.19649505615234,59.472599029541016,63.1057014465332,55.83949661254883,68.24425506591797,72.05902862548828,64.42945861816406,75.49034881591797,66.6601333618164,84.320556640625,48.674381256103516,43.32687759399414,54.021881103515625,28887.920280704657,6764.076207129714,10.271178803354506,8.81938097653243,0.025524497437038107,2.5524497437038107,0,0,0,0
SVN,Slovenia,1997,28599098754.7261,961054.0,7108282050.137962,8.359679907042999,1.613846464826657,5643079089.340231,,9.503846,61.72418212890625,60.48558807373047,62.96274185180664,57.13477325439453,50.30377960205078,63.96577453613281,64.49189758300781,61.3918571472168,67.59193420410156,49.77766036987305,39.2157096862793,60.33961868286133,67.8514633178711,67.79058074951172,67.91234588623047,60.0111083984375,63.047706604003906,56.97450256347656,69.54461669921875,73.10694122314453,65.98228454589844,73.99864959716797,67.21707153320312,80.78023529052734,60.1862678527832,63.36241149902344,57.010128021240234,29758.056003852125,7396.339904040733,10.300855164362218,8.90874054927153,0.02967636100771287,2.967636100771287,0,0,0,0
SVN,Slovenia,1998,29475325366.13321,979781.0,7680487284.661092,7.891166828566838,0.9778483434030607,5859903426.96484,,9.836154,63.42721939086914,61.37276077270508,65.481689453125,58.123958587646484,50.752445220947266,65.4954833984375,65.33363342285156,61.3261833190918,69.3410873413086,50.9142951965332,40.178707122802734,61.64988708496094,67.84120178222656,66.4554672241211,69.22693634033203,60.83235168457031,63.822757720947266,57.841941833496094,68.1122817993164,68.8034896850586,67.42108154296875,74.57896423339844,66.7401351928711,82.41778564453125,64.31652069091797,66.910400390625,61.72264099121094,30083.585378909378,7838.983696010733,10.311734965738216,8.966864474330803,0.010879801375997644,1.0879801375997644,0,0,0,0
SVN,Slovenia,1999,31028087570.95324,965745.0,8812474187.161102,6.155587544515586,0.4714797001463721,6112610520.985152,,10.168462,64.1427001953125,61.334327697753906,66.95108032226562,58.011112213134766,49.14842224121094,66.87379455566406,64.87039947509766,58.86225509643555,70.87853240966797,51.15182876586914,39.43459701538086,62.86906433105469,68.06787109375,66.71104431152344,69.42471313476562,62.62372589111328,64.4273452758789,60.820106506347656,68.1918716430664,69.37979888916016,67.00393676757812,73.38805389404297,66.32601928710938,80.45008850097656,66.34910583496094,68.14348602294922,64.55473327636719,32128.654635492017,9125.05287333727,10.37750357869952,9.118778972772237,0.06576861296130332,6.576861296130332,0,0,0,0
SVN,Slovenia,2000,32113425072.01928,962184.0,9047953975.382818,8.91174418658769,0.6736381534834657,6344328959.653512,,10.50077,67.1181411743164,63.61441421508789,70.6218490600586,62.099308013916016,53.106624603271484,71.09199523925781,66.87870788574219,61.56528854370117,72.192138671875,57.31990432739258,44.6479606628418,69.9918441772461,70.82466125488281,69.19447326660156,72.45486450195312,66.60603332519531,69.26053619384766,63.95153045654297,67.94290161132812,71.66585540771484,64.21994018554688,77.92506408691406,66.65702056884766,89.193115234375,68.43043518066406,68.54219055175781,68.31867980957031,33375.55506225346,9403.558961054037,10.41557902664301,9.148843509480415,0.03807544794349127,3.807544794349127,0,0,0,0
SVN,Slovenia,2001,33021812643.9619,971801.0,8859552636.549595,8.37966587492204,2.424902916117653,6527414119.787106,,10.8330765,67.92677307128906,63.70736312866211,72.14616394042969,62.67869186401367,53.86524963378906,71.49213409423828,67.21179962158203,61.428977966308594,72.99462890625,58.145572662353516,46.301517486572266,69.9896240234375,70.63642883300781,68.56560516357422,72.70724487304688,65.73003387451172,66.2164077758789,65.24365234375,72.0483627319336,72.34434509277344,71.75237274169922,74.13089752197266,67.13607025146484,81.12572479248047,70.46520233154297,68.69125366210938,72.23915100097656,33980.01508946986,9116.632558054163,10.433527839294978,9.117855777828126,0.01794881265196757,1.7948812651967572,0,0,0,0
SVN,Slovenia,2002,34105781287.8601,987254.0,9032481054.276186,7.480777707037538,7.968263578289175,6737539218.578122,,11.165384,68.45745849609375,65.27699279785156,71.63790130615234,60.75688934326172,56.409488677978516,65.10428619384766,68.38082122802734,62.337066650390625,74.42456817626953,53.132957458496094,50.481903076171875,55.78400802612305,72.1830825805664,69.24712371826172,75.11904907226562,68.11815643310547,67.34484100341797,68.89147186279297,72.50440979003906,73.53890991210938,71.46991729736328,75.92668151855469,66.85761260986328,84.99574279785156,72.43236541748047,70.17435455322266,74.69037628173828,34546.1059543543,9149.095424557598,10.45005011529983,9.121410292678437,0.016522276004851122,1.6522276004851122,0,0,0,0
SVN,Slovenia,2003,35195471631.58428,964072.0,9842255603.983974,5.544164217529011,1.82421495294141,6917120537.003121,,11.497692,70.25418090820312,66.05220031738281,74.4561538696289,64.77008056640625,57.89967727661133,71.6404800415039,73.5107650756836,61.406288146972656,85.61521911621094,56.02940368652344,54.393070220947266,57.665733337402344,72.4877700805664,69.33677673339844,75.63875579833984,68.77010345458984,68.19003295898438,69.35016632080078,71.55404663085938,71.20909118652344,71.89900970458984,77.13914489746094,68.6112060546875,85.6670913696289,73.50469970703125,70.92015075683594,76.0892333984375,36507.098672696935,10209.046216448538,10.505262004844463,9.231029490188696,0.05521188954463341,5.521188954463341,0,0,0,0
SVN,Slovenia,2004,36795465565.47359,1008932.0,10882748321.61738,3.592975942495088,2.234124716853554,7165556006.394526,,11.83,72.73515319824219,67.23933410644531,78.23097229003906,68.54732513427734,60.03956604003906,77.05509185791016,76.92179870605469,63.78224182128906,90.06134796142578,60.172855377197266,56.296878814697266,64.048828125,73.68612670898438,69.64653778076172,77.7257308959961,70.2820816040039,69.50511932373047,71.05904388427734,71.64141082763672,68.73876190185547,74.54405212402344,79.13493347167969,70.69577026367188,87.57408905029297,75.97199249267578,72.03189086914062,79.91209411621094,36469.71804390542,10786.404159663269,10.504237552593938,9.286041745959418,-0.001024452250524277,-0.1024452250524277,0,0,0,0
SVN,Slovenia,2005,38213609800.39208,1017728.0,10899182112.47954,2.451501323164749,2.700572232445491,7368650121.997652,,11.68,74.05732727050781,70.18437194824219,77.93026733398438,69.42155456542969,63.33510208129883,75.50801086425781,76.823974609375,66.93929290771484,86.70865631103516,62.019142150878906,59.73090744018555,64.30736541748047,76.21585083007812,74.74703979492188,77.68466186523438,73.00676727294922,70.73837280273438,75.27516174316406,69.88554382324219,66.34266662597656,73.42842864990234,85.7552261352539,87.16007232666016,84.35039520263672,76.53453063964844,72.47097778320312,80.59809112548828,37547.95957308051,10709.327160576833,10.533374316783258,9.278870337992764,0.02913676418931921,2.913676418931921,0,0,0,0
SVN,Slovenia,2006,40471568430.37532,1025310.0,12268662252.62391,2.457924441958653,1.762646587940152,7602523234.699606,,11.81,75.24567413330078,71.7146987915039,78.77666473388672,71.2669448852539,67.87060546875,74.66329956054688,75.49114990234375,68.53167724609375,82.45063018798828,67.0427474975586,67.20953369140625,66.87596130371094,76.55553436279297,73.85746002197266,79.25362396240234,73.56969451904297,71.16898345947266,75.97040557861328,69.09513092041016,62.87221145629883,75.31805419921875,87.00177001953125,87.53115844726562,86.47237396240234,77.91455078125,73.41603088378906,82.41305541992188,39472.518975115156,11965.807660730814,10.583359986613267,9.389808500005884,0.04998566983000963,4.998566983000963,0,0,0,0
SVN,Slovenia,2007,43360927307.90603,1041672.0,14452131429.77688,3.657495632840991,3.935872769211451,7740425701.388278,,11.75,77.2864761352539,74.87862396240234,79.69432067871094,74.2589111328125,72.92593383789062,75.59188079833984,77.22095489501953,71.30846405029297,83.1334457397461,71.29685974121094,74.54339599609375,68.05032348632812,77.9145278930664,75.44925689697266,80.37980651855469,74.4183120727539,72.48548889160156,76.35112762451172,71.96247100830078,65.42546081542969,78.4994888305664,87.36280059814453,88.43678283691406,86.28881072998047,79.68596649169922,76.26066589355469,83.11126708984375,41626.277089051095,13873.9751378331,10.636486907630143,9.537770071946603,0.05312692101687588,5.312692101687588,0,0,0,0
SVN,Slovenia,2008,44823161262.4126,1039794.0,14939946871.10741,5.647423805739348,1.946955127555486,8140562649.289059,,11.91,76.78136444091797,73.26749420166016,80.29523468017578,74.31108093261719,73.23263549804688,75.38954162597656,78.00981903076172,74.07962036132812,81.94003295898438,70.61234283447266,72.38562774658203,68.83904266357422,75.37287902832031,68.69232940673828,82.05342864990234,75.64431762695312,72.21017456054688,79.07847595214844,72.46377563476562,66.26119995117188,78.6663589477539,78.01053619384766,67.60562133789062,88.41543579101562,80.66016387939453,77.87755584716797,83.4427719116211,43107.73216849934,14368.179534703422,10.671457660662702,9.57277128591933,0.03497075303255848,3.4970753032558477,1,0,0,0
SVN,Slovenia,2009,41420820595.91013,1045805.0,10112526797.75723,0.8392622467938873,-0.6942823754812982,8307127162.481246,,12.03,76.12982940673828,72.11212158203125,80.14755249023438,71.74907684326172,69.42245483398438,74.07569122314453,77.38884735107422,71.92680358886719,82.85089111328125,66.10929870605469,66.91810607910156,65.30049133300781,75.48212432861328,69.8458023071289,81.11846160888672,73.50874328613281,73.11585998535156,73.90162658691406,74.2326889038086,68.81098937988281,79.65438842773438,78.7049789428711,67.610595703125,89.79936218261719,81.15827178955078,77.0680923461914,85.24845886230469,39606.63851856717,9669.61029805483,10.586752022550423,9.176743287537526,-0.08470563811227905,-8.470563811227905,1,0,0,0
SVN,Slovenia,2010,41881476947.43095,1044156.0,9488319959.046139,1.80117022137134,0.6677612823754567,8310927244.131637,,12.06,76.42549133300781,72.13639068603516,80.71456909179688,70.9952621459961,69.45133972167969,72.5391845703125,79.06661224365234,73.86798858642578,84.26524353027344,62.92390060424805,65.03466796875,60.81313705444336,77.16259002685547,69.93867492675781,84.38651275634766,77.29854583740234,73.07770538330078,81.5193862915039,74.73178100585938,68.7867202758789,80.67682647705078,79.45747375488281,67.95162963867188,90.96331024169922,81.11859130859375,77.01913452148438,85.21804809570312,40110.36372671415,9087.071241314648,10.599390026953204,9.11460793958039,0.012638004402781178,1.2638004402781178,0,1,0,0
SVN,Slovenia,2011,42155984116.07298,1023430.0,9207348928.201296,1.8028517194191,1.710859603420059,8301494165.535542,,12.21,76.9510726928711,73.1138916015625,80.78826141357422,71.34774017333984,70.93624114990234,71.75923156738281,78.92161560058594,74.8577880859375,82.98544311523438,63.77385330200195,67.01469421386719,60.533016204833984,77.7240982055664,71.06036376953125,84.3878402709961,76.63475036621094,73.6805648803711,79.58892822265625,75.1699447631836,69.90177154541016,80.43811798095703,81.36763000488281,69.59879302978516,93.136474609375,81.7813720703125,77.34505462646484,86.21769714355469,41190.881756517774,8996.559538220783,10.625972194254112,9.10459750970218,0.026582167300908566,2.6582167300908566,0,1,0,0
SVN,Slovenia,2012,40926910455.60511,1018089.0,7631068148.210866,2.597413860390028,0.07264463858786098,8106358585.896871,,12.28,76.88014221191406,73.64288330078125,80.11738586425781,70.54275512695312,71.22279357910156,69.86270904541016,79.48394775390625,76.1896743774414,82.77823638916016,61.60154724121094,66.25590515136719,56.94718933105469,77.67597198486328,71.4373779296875,83.91455841064453,75.05850982666016,73.23973083496094,76.8772964477539,75.98454284667969,71.33942413330078,80.62965393066406,81.98487091064453,69.73298645019531,94.23674011230469,82.42166900634766,78.2684555053711,86.57489013671875,40199.73740567388,7495.482367662224,10.60161574238861,8.922055767059799,-0.024356451865502393,-2.4356451865502393,0,1,0,0
SVN,Slovenia,2013,40589764218.78204,1014176.0,8013263993.973681,1.769200858819065,0.2173158816413244,7947722651.82109,,12.38,77.20404815673828,73.76152801513672,80.64654541015625,70.37650299072266,71.15259552001953,69.60039520263672,79.76921844482422,77.01485443115234,82.52357482910156,60.98377227783203,65.29032897949219,56.67721176147461,78.67445373535156,71.91275787353516,85.4361572265625,76.7598876953125,73.23181915283203,80.28795623779297,76.9030532836914,72.16743469238281,81.63867950439453,82.36042022705078,70.33903503417969,94.3818130493164,82.56114959716797,78.21920776367188,86.90309143066406,40022.406583060576,7901.255791868159,10.597194740838978,8.974776986818123,-0.004421001549632209,-0.44210015496322086,0,0,0,0
SVN,Slovenia,2014,41711191731.4298,1017500.0,8251329376.407397,0.1993438265707497,2.058753103955611,7928195224.94609,,12.43,78.11248016357422,73.70844268798828,82.5165023803711,73.95246124267578,72.25201416015625,75.65292358398438,82.10977172851562,77.10771179199219,87.1118392944336,65.79515838623047,67.39630889892578,64.19400787353516,79.06584167480469,72.76915740966797,85.36251068115234,76.6591796875,73.06365203857422,80.25470733642578,77.55994415283203,73.28669738769531,81.83319091796875,82.97840881347656,71.9571762084961,93.9996337890625,81.31909942626953,76.10413360595703,86.53406524658203,40993.800227449436,8109.414620547811,10.621176120287812,9.000780964547246,0.02398137944883416,2.398137944883416,0,0,0,0
SVN,Slovenia,2015,42709468274.81365,1012244.0,8314944790.30859,-0.5255522858208768,4.050968483497934,8114187308.853121,,12.57,78.42823028564453,74.79409790039062,82.06233215332031,74.06554412841797,75.35311126708984,72.7779769897461,81.91798400878906,77.1778335571289,86.65814208984375,66.21310424804688,73.52839660644531,58.897804260253906,79.57869720458984,73.33150482177734,85.82588958740234,76.22509002685547,72.23751831054688,80.21265411376953,78.14612579345703,74.2838134765625,82.0084457397461,84.3648681640625,73.47319793701172,95.25655364990234,81.64039611816406,75.6976547241211,87.58313751220703,42192.85891031574,8214.368067687821,10.650006265570063,9.013640103311433,0.02883014528225125,2.883014528225125,0,0,0,0
SVN,Slovenia,2016,44005450729.60601,998728.0,8321805316.990408,-0.05499954167047397,3.265413952788068,8310679822.757027,,12.67,78.95207214355469,75.3574447631836,82.54669189453125,74.71360778808594,75.42462158203125,74.00260162353516,82.2099609375,77.53380584716797,86.88612365722656,67.21725463867188,73.31543731689453,61.11907196044922,80.52278900146484,74.98899841308594,86.05660247802734,76.98158264160156,73.82103729248047,80.14213562011719,79.09159088134766,75.52100372314453,82.66216278076172,85.49522399902344,75.62493133544922,95.36551666259766,81.61980438232422,75.65872955322266,87.58087921142578,44061.496953731155,8332.404135050192,10.693341595124876,9.02790730517124,0.043335329554812674,4.333532955481267,0,0,0,0
SVN,Slovenia,2017,46282469720.82807,1028260.0,9396651733.779129,1.42910743319306,2.484214136023205,8344944909.358198,,12.7,79.13145446777344,76.30779266357422,81.95510864257812,75.07296752929688,76.18704986572266,73.95889282226562,82.7979507446289,78.2275390625,87.36837005615234,67.34799194335938,74.14656066894531,60.54942321777344,80.71540832519531,77.104736328125,84.32608032226562,75.78563690185547,76.40254211425781,75.1687240600586,79.76069641113281,76.2349624633789,83.28641510009766,86.59989166259766,78.67668914794922,94.52310180664062,81.60597229003906,75.631591796875,87.58035278320312,45010.473733129824,9138.400534669372,10.714650491295572,9.120240652927722,0.0213088961706962,2.13088961706962,0,0,0,0
SVN,Slovenia,2018,48309217703.41346,1038040.0,10474325525.45586,1.7386086198818,2.864899099515971,8583136246.230463,,12.75,79.869384765625,76.94595336914062,82.79278564453125,75.48408508300781,76.3879165649414,74.58024597167969,83.66248321533203,79.56254577636719,87.76241302490234,67.30567932128906,73.21328735351562,61.39807891845703,82.4107894897461,78.60177612304688,86.21977996826172,79.77323913574219,79.17479705810547,80.3716812133789,80.68165588378906,77.40928649902344,83.95401000976562,86.7774429321289,79.22125244140625,94.3336410522461,81.71324157714844,75.84812927246094,87.57835388183594,46538.87875555225,10090.483531902297,10.748043344506595,9.219348034092627,0.03339285321102281,3.339285321102281,0,0,0,0
SVN,Slovenia,2019,50002578162.67338,1035062.0,10512446626.09299,1.630522607543444,3.990986120823882,8739738443.177729,,12.8,79.39075469970703,76.57406616210938,82.20743560791016,76.161376953125,77.48832702636719,74.83443450927734,84.32967376708984,80.67571258544922,87.98363494873047,67.99309539794922,74.30094909667969,61.685245513916016,80.98458099365234,77.75748443603516,84.21163940429688,76.70465087890625,78.76045989990234,74.64884185791016,80.19601440429688,75.70832824707031,84.6836929321289,86.05304718017578,78.8036880493164,93.30240631103516,81.02632904052734,74.4764175415039,87.57624816894531,48308.775863352515,10156.344862523203,10.785368518029573,9.225853898778505,0.03732517352297826,3.732517352297826,0,0,0,0
SVN,Slovenia,2020,47959972369.98921,1031435.0,9834210143.55808,-0.05485681576060998,0.9483408477217941,9103865040.700384,,12.87538,79.07275390625,75.90653228759766,82.23897552490234,76.30488586425781,77.92267608642578,74.68708801269531,84.22615814208984,80.496826171875,87.95547485351562,68.38360595703125,75.3485107421875,61.41868209838867,80.38458251953125,76.31278991699219,84.45637512207031,75.40048217773438,76.2301254272461,74.5708236694336,80.01044464111328,74.65694427490234,85.36394500732422,85.74280548095703,78.05126953125,93.43434143066406,80.52879333496094,73.484130859375,87.5734634399414,46498.298361010835,9534.493345250143,10.747170996518992,9.162671380309169,-0.038197521510580756,-3.8197521510580756,0,0,1,0
SVN,Slovenia,2021,51996698295.65926,1044095.0,11177730125.77383,1.917065060892595,3.606139786872366,9659089700.452726,,12.951202,79.25725555419922,76.30421447753906,82.21031188964844,76.96492004394531,79.41631317138672,74.51351165771484,84.8162841796875,81.717529296875,87.9150390625,69.11354064941406,77.1150894165039,61.111995697021484,80.61210632324219,77.00624084472656,84.21798706054688,75.75753021240234,77.02500915527344,74.49003601074219,83.24284362792969,75.66742706298828,90.81825256347656,82.83596801757812,78.3262710571289,87.3456802368164,80.19474792480469,72.49009704589844,87.89940643310547,49800.734890655796,10705.663877112553,10.815785019744341,9.278528214711596,0.06861402322534893,6.861402322534893,0,0,1,0
SVN,Slovenia,2022,53384233078.31644,1058958.0,12078387113.5516,8.833698867494517,3.640108578717056,9606463285.024601,,12.951202,79.580078125,75.95143127441406,83.20872497558594,77.8121566772461,81.22441864013672,74.39989471435547,86.57957458496094,85.28501892089844,87.87413024902344,69.04473876953125,77.16382598876953,60.925655364990234,82.00843048095703,77.42066192626953,86.59623718261719,76.22908782958984,77.64217376708984,74.81599426269531,83.53253936767578,76.14883422851562,90.91624450683594,86.26371765136719,78.47096252441406,94.05648040771484,78.91963958740234,69.209228515625,88.63005828857422,50412.040022660425,11405.917055777094,10.827985314868446,9.341887539708376,0.012200295124104699,1.2200295124104699,0,0,0,1
SVN,Slovenia,2023,54652553125.6646,1047279.0,11883520225.95125,7.446877173858376,2.090288093148321,9835523330.807022,,12.951202,79.4927978515625,76.2655029296875,82.7200698852539,78.01712799072266,81.6895980834961,74.34464263916016,86.64045715332031,85.4248046875,87.85610961914062,69.39379119873047,77.95439910888672,60.83317565917969,81.35664367675781,77.52822875976562,85.18507385253906,76.36115264892578,78.0118179321289,74.71049499511719,81.48871612548828,76.20796203613281,86.76947784423828,86.22006225585938,78.3648910522461,94.07523345947266,79.10458374023438,69.57870483398438,88.63046264648438,52185.285034517634,11347.043362801365,10.862555838240148,9.336712492304915,0.03457052337170197,3.4570523371701967,0,0,0,1
